"","x"
"CME25A7812760Aligned.sortedByCoord.out.bam",7231
"CME25A7812757Aligned.sortedByCoord.out.bam",6812
"CME25A7812759Aligned.sortedByCoord.out.bam",8922
"CME25A7812758Aligned.sortedByCoord.out.bam",4864
"CME25A7812761Aligned.sortedByCoord.out.bam",12585
"CME25A7812756Aligned.sortedByCoord.out.bam",9040
"CME25A7812749Aligned.sortedByCoord.out.bam",7172
"CME25A7812754Aligned.sortedByCoord.out.bam",3830
"CME25A7812745Aligned.sortedByCoord.out.bam",5294
"CME25A7812755Aligned.sortedByCoord.out.bam",10116
"CME25A7812753Aligned.sortedByCoord.out.bam",9195
"CME25A7812750Aligned.sortedByCoord.out.bam",8513
"CME25A7812747Aligned.sortedByCoord.out.bam",10944
"CME25A7812751Aligned.sortedByCoord.out.bam",8948
"CME25A7812752Aligned.sortedByCoord.out.bam",8957
"CME25A7812746Aligned.sortedByCoord.out.bam",9841
"CME25A7812748Aligned.sortedByCoord.out.bam",10315
"CME25A7812744Aligned.sortedByCoord.out.bam",6150
"CME25A7812742Aligned.sortedByCoord.out.bam",13220
"CME25A7812743Aligned.sortedByCoord.out.bam",9296
"CME25A7812715Aligned.sortedByCoord.out.bam",5363
"CME25A7812741Aligned.sortedByCoord.out.bam",13104
"CME25A7812740Aligned.sortedByCoord.out.bam",12333
"CME25A7812717Aligned.sortedByCoord.out.bam",8110
"CME25A7812739Aligned.sortedByCoord.out.bam",12930
"CME25A7812738Aligned.sortedByCoord.out.bam",12140
"CME25A7812737Aligned.sortedByCoord.out.bam",7986
"CME25A7812724Aligned.sortedByCoord.out.bam",9069
"CME25A7812734Aligned.sortedByCoord.out.bam",14343
"CME25A7812732Aligned.sortedByCoord.out.bam",10417
"CME25A7812736Aligned.sortedByCoord.out.bam",9396
"CME25A7812730Aligned.sortedByCoord.out.bam",11896
"CME25A7812735Aligned.sortedByCoord.out.bam",12046
"CME25A7812729Aligned.sortedByCoord.out.bam",12915
"CME25A7812731Aligned.sortedByCoord.out.bam",8533
"CME25A7812726Aligned.sortedByCoord.out.bam",4148
"CME25A7812733Aligned.sortedByCoord.out.bam",6590
"CME25A7812727Aligned.sortedByCoord.out.bam",7954
"CME25A7812725Aligned.sortedByCoord.out.bam",8332
"CME25A7812728Aligned.sortedByCoord.out.bam",8931
"CME25A7812716Aligned.sortedByCoord.out.bam",10307
"CME25A7812722Aligned.sortedByCoord.out.bam",6231
"CME25A7812723Aligned.sortedByCoord.out.bam",6437
"CME25A7812714Aligned.sortedByCoord.out.bam",7614
"CME25A7812718Aligned.sortedByCoord.out.bam",7036
"CME25A7812720Aligned.sortedByCoord.out.bam",5877
"CME25A7812721Aligned.sortedByCoord.out.bam",8166
"CME25A7812710Aligned.sortedByCoord.out.bam",7205
"CME25A7812719Aligned.sortedByCoord.out.bam",9361
"CME25A7812713Aligned.sortedByCoord.out.bam",8752
"CME25A7812712Aligned.sortedByCoord.out.bam",9373
"CME25A7812709Aligned.sortedByCoord.out.bam",6143
"CME25A7812711Aligned.sortedByCoord.out.bam",7054
"CME25A7812707Aligned.sortedByCoord.out.bam",5714
"CME25A7812705Aligned.sortedByCoord.out.bam",8669
"CME25A7812706Aligned.sortedByCoord.out.bam",4759
"CME25A7812708Aligned.sortedByCoord.out.bam",12143
"CME25A7812699Aligned.sortedByCoord.out.bam",7256
"CME25A7812701Aligned.sortedByCoord.out.bam",6120
"CME25A7812703Aligned.sortedByCoord.out.bam",4482
"CME25A7812704Aligned.sortedByCoord.out.bam",6815
"CME25A7812679Aligned.sortedByCoord.out.bam",14019
"CME25A7812677Aligned.sortedByCoord.out.bam",11670
"CME25A7812678Aligned.sortedByCoord.out.bam",7703
"CME25A7812671Aligned.sortedByCoord.out.bam",9362
"CME25A7812676Aligned.sortedByCoord.out.bam",13437
"CME25A7812675Aligned.sortedByCoord.out.bam",11592
"CME25A7812674Aligned.sortedByCoord.out.bam",10739
"CME25A7812670Aligned.sortedByCoord.out.bam",8994
"CME25A7812669Aligned.sortedByCoord.out.bam",9633
"CME25A7812673Aligned.sortedByCoord.out.bam",6366
"CME25A7799646Aligned.sortedByCoord.out.bam",9225
"CME25A7799649Aligned.sortedByCoord.out.bam",14388
"CME25A7799647Aligned.sortedByCoord.out.bam",8870
"CME25A7799648Aligned.sortedByCoord.out.bam",6947
"CME25A7799643Aligned.sortedByCoord.out.bam",13501
"CME25A7799629Aligned.sortedByCoord.out.bam",5791
"CME25A7799645Aligned.sortedByCoord.out.bam",11181
"CME25A7799639Aligned.sortedByCoord.out.bam",9049
"CME25A7799644Aligned.sortedByCoord.out.bam",13356
"CME25A7799641Aligned.sortedByCoord.out.bam",13808
"CME25A7799636Aligned.sortedByCoord.out.bam",6796
"CME25A7799640Aligned.sortedByCoord.out.bam",10282
"CME25A7799637Aligned.sortedByCoord.out.bam",5406
"CME25A7799638Aligned.sortedByCoord.out.bam",10889
"CME25A7799624Aligned.sortedByCoord.out.bam",11056
"CME25A7799633Aligned.sortedByCoord.out.bam",7223
"CME25A7799627Aligned.sortedByCoord.out.bam",10132
"CME25A7799630Aligned.sortedByCoord.out.bam",14451
"CME25A7799634Aligned.sortedByCoord.out.bam",8437
"CME25A7799628Aligned.sortedByCoord.out.bam",12164
"CME25A7799621Aligned.sortedByCoord.out.bam",12741
"CME25A7799625Aligned.sortedByCoord.out.bam",10579
"CME25A7799620Aligned.sortedByCoord.out.bam",10809
"CME25A7799622Aligned.sortedByCoord.out.bam",8307
"CME25A7799623Aligned.sortedByCoord.out.bam",10635
"CME25A7799615Aligned.sortedByCoord.out.bam",14187
"CME25A7799614Aligned.sortedByCoord.out.bam",5989
"CME25A7799616Aligned.sortedByCoord.out.bam",12821
"CME25A7799618Aligned.sortedByCoord.out.bam",9023
"CME25A7799612Aligned.sortedByCoord.out.bam",11890
"CME25A7799605Aligned.sortedByCoord.out.bam",14128
"CME25A7799606Aligned.sortedByCoord.out.bam",7641
"CME25A7799611Aligned.sortedByCoord.out.bam",14327
"CME25A7799603Aligned.sortedByCoord.out.bam",8762
"CME25A7799604Aligned.sortedByCoord.out.bam",6686
"CME25A7799608Aligned.sortedByCoord.out.bam",6955
"CME25A7799610Aligned.sortedByCoord.out.bam",13268
"CME25A7799609Aligned.sortedByCoord.out.bam",12848
"CME25A7799598Aligned.sortedByCoord.out.bam",10031
"CME25A7799602Aligned.sortedByCoord.out.bam",6166
"CME25A7799601Aligned.sortedByCoord.out.bam",7538
"CME25A7799590Aligned.sortedByCoord.out.bam",13729
"CME25A7799600Aligned.sortedByCoord.out.bam",8743
"CME25A7799599Aligned.sortedByCoord.out.bam",12694
"CME25A7799597Aligned.sortedByCoord.out.bam",10460
"CME25A7799594Aligned.sortedByCoord.out.bam",11942
"CME25A7799591Aligned.sortedByCoord.out.bam",8031
"CME25A7799588Aligned.sortedByCoord.out.bam",8640
"CME25A7799592Aligned.sortedByCoord.out.bam",12819
"CME25A7799593Aligned.sortedByCoord.out.bam",5695
"CME25A7799584Aligned.sortedByCoord.out.bam",11171
"CME25A7799589Aligned.sortedByCoord.out.bam",5392
"CME25A7799580Aligned.sortedByCoord.out.bam",11323
"CME25A7799583Aligned.sortedByCoord.out.bam",12474
"CME25A7799582Aligned.sortedByCoord.out.bam",7209
"CME25A7799585Aligned.sortedByCoord.out.bam",4802
"CME25A7799581Aligned.sortedByCoord.out.bam",7258
"CME25A7799586Aligned.sortedByCoord.out.bam",8215
"CME25A7799579Aligned.sortedByCoord.out.bam",8255
"CME25A7799573Aligned.sortedByCoord.out.bam",4551
"CME25A7799577Aligned.sortedByCoord.out.bam",7183
"CME25A7799578Aligned.sortedByCoord.out.bam",6077
"CME25A7799571Aligned.sortedByCoord.out.bam",11058
"CME25A7799574Aligned.sortedByCoord.out.bam",6026
"CME25A7799575Aligned.sortedByCoord.out.bam",14463
"CME25A7799570Aligned.sortedByCoord.out.bam",9437
"CME25A7799560Aligned.sortedByCoord.out.bam",11179
"CME25A7799572Aligned.sortedByCoord.out.bam",11036
"CME25A7799569Aligned.sortedByCoord.out.bam",4879
"CME25A7799567Aligned.sortedByCoord.out.bam",10945
"CME25A7799568Aligned.sortedByCoord.out.bam",8755
"CME25A7799566Aligned.sortedByCoord.out.bam",7471
"CME25A7799565Aligned.sortedByCoord.out.bam",9804
"CME25A7799564Aligned.sortedByCoord.out.bam",9799
"CME25A7799559Aligned.sortedByCoord.out.bam",8317
"CME25A7799562Aligned.sortedByCoord.out.bam",10203
"CME25A7799561Aligned.sortedByCoord.out.bam",7118
"CME25A7796092Aligned.sortedByCoord.out.bam",12987
"CME25A7799557Aligned.sortedByCoord.out.bam",9102
"CME25A7799555Aligned.sortedByCoord.out.bam",10902
"CME25A7799558Aligned.sortedByCoord.out.bam",10321
"CME25A7796088Aligned.sortedByCoord.out.bam",3862
"CME25A7796084Aligned.sortedByCoord.out.bam",9944
"CME25A7796091Aligned.sortedByCoord.out.bam",10942
"CME25A7796087Aligned.sortedByCoord.out.bam",9190
"CME25A7796090Aligned.sortedByCoord.out.bam",10598
"CME25A7796089Aligned.sortedByCoord.out.bam",10703
"CME25A7796086Aligned.sortedByCoord.out.bam",5427
"CME25A7796081Aligned.sortedByCoord.out.bam",14466
"CME25A7796079Aligned.sortedByCoord.out.bam",9419
"CME25A7796083Aligned.sortedByCoord.out.bam",8185
"CME25A7796082Aligned.sortedByCoord.out.bam",7564
"CME25A7796080Aligned.sortedByCoord.out.bam",10516
"CME25A7796085Aligned.sortedByCoord.out.bam",11024
"CME25A7796076Aligned.sortedByCoord.out.bam",5470
"CME25A7796078Aligned.sortedByCoord.out.bam",4621
"CME25A7796075Aligned.sortedByCoord.out.bam",9610
"CME25A7796077Aligned.sortedByCoord.out.bam",8226
"CME25A7796073Aligned.sortedByCoord.out.bam",9192
"CME25A7796074Aligned.sortedByCoord.out.bam",6934
"CME25A7796071Aligned.sortedByCoord.out.bam",12261
"CME25A7796072Aligned.sortedByCoord.out.bam",8622
"CME25A7796066Aligned.sortedByCoord.out.bam",6098
"CME25A7796067Aligned.sortedByCoord.out.bam",11005
"CME25A7796068Aligned.sortedByCoord.out.bam",10285
"CME25A7796070Aligned.sortedByCoord.out.bam",10549
"CME25A7796069Aligned.sortedByCoord.out.bam",10084
"CME25A7796065Aligned.sortedByCoord.out.bam",6654
"CME25A7796059Aligned.sortedByCoord.out.bam",11635
"CME25A7796062Aligned.sortedByCoord.out.bam",11945
"CME25A7796050Aligned.sortedByCoord.out.bam",11138
"CME25A7796064Aligned.sortedByCoord.out.bam",10715
"CME25A7796057Aligned.sortedByCoord.out.bam",5425
"CME25A7796060Aligned.sortedByCoord.out.bam",11985
"CME25A7796058Aligned.sortedByCoord.out.bam",10114
"CME25A7796055Aligned.sortedByCoord.out.bam",9569
"CME25A7796063Aligned.sortedByCoord.out.bam",14696
"CME25A7796056Aligned.sortedByCoord.out.bam",7269
"CME25A7796061Aligned.sortedByCoord.out.bam",11707
"CME25A7796053Aligned.sortedByCoord.out.bam",13888
"CME25A7796052Aligned.sortedByCoord.out.bam",10834
"CME25A7796049Aligned.sortedByCoord.out.bam",6377
"CME25A7619367Aligned.sortedByCoord.out.bam",11667
"CME25A7619357Aligned.sortedByCoord.out.bam",14856
"CME25A7619358Aligned.sortedByCoord.out.bam",10022
"CME25A7619359Aligned.sortedByCoord.out.bam",8723
"CME25A7619356Aligned.sortedByCoord.out.bam",16148
"CME25A7619354Aligned.sortedByCoord.out.bam",12466
"CME25A7619355Aligned.sortedByCoord.out.bam",14242
"CME25A7619352Aligned.sortedByCoord.out.bam",14583
"CME25A7619346Aligned.sortedByCoord.out.bam",13379
"CME25A7619347Aligned.sortedByCoord.out.bam",4304
"CME25A7619350Aligned.sortedByCoord.out.bam",15384
"CME25A7619353Aligned.sortedByCoord.out.bam",8140
"CME25A7619348Aligned.sortedByCoord.out.bam",14482
"CME25A7619351Aligned.sortedByCoord.out.bam",15022
"CME25A7619345Aligned.sortedByCoord.out.bam",13170
"CME25A7619341Aligned.sortedByCoord.out.bam",15881
"CME25A7619344Aligned.sortedByCoord.out.bam",13894
"CME25A7619343Aligned.sortedByCoord.out.bam",14269
"CME25A7619349Aligned.sortedByCoord.out.bam",13399
"CME25A7619339Aligned.sortedByCoord.out.bam",14896
"CME25A7619342Aligned.sortedByCoord.out.bam",6603
"CME25A7619340Aligned.sortedByCoord.out.bam",14405
"CME25A7619337Aligned.sortedByCoord.out.bam",13925
"CME25A7619333Aligned.sortedByCoord.out.bam",12760
"CME25A7619336Aligned.sortedByCoord.out.bam",15652
"CME25A7619334Aligned.sortedByCoord.out.bam",16069
"CME25A7619330Aligned.sortedByCoord.out.bam",14841
"CME25A7619335Aligned.sortedByCoord.out.bam",6253
"CME25A7619332Aligned.sortedByCoord.out.bam",13333
"CME25A7619327Aligned.sortedByCoord.out.bam",14166
"CME25A7619331Aligned.sortedByCoord.out.bam",14871
"CME25A7619328Aligned.sortedByCoord.out.bam",6479
"CME25A7619326Aligned.sortedByCoord.out.bam",14767
"CME25A7619323Aligned.sortedByCoord.out.bam",15094
"CME25A7619325Aligned.sortedByCoord.out.bam",15966
"CME25A7619324Aligned.sortedByCoord.out.bam",15956
"CME25A7619322Aligned.sortedByCoord.out.bam",13222
"CME25A7619321Aligned.sortedByCoord.out.bam",7282
"CME25A7619315Aligned.sortedByCoord.out.bam",12984
"CME25A7619320Aligned.sortedByCoord.out.bam",7739
"CME25A7619319Aligned.sortedByCoord.out.bam",4676
"CME25A7619317Aligned.sortedByCoord.out.bam",6059
"CME25A7619318Aligned.sortedByCoord.out.bam",13980
"CME25A7619316Aligned.sortedByCoord.out.bam",6993
"CME25A7619314Aligned.sortedByCoord.out.bam",9786
"CME25A7619312Aligned.sortedByCoord.out.bam",8816
"CME25A7619309Aligned.sortedByCoord.out.bam",8594
"CME25A7619310Aligned.sortedByCoord.out.bam",10233
"CME25A7619306Aligned.sortedByCoord.out.bam",8425
"CME25A7619308Aligned.sortedByCoord.out.bam",13349
"CME25A7619305Aligned.sortedByCoord.out.bam",10362
"CME25A7619307Aligned.sortedByCoord.out.bam",7649
"CME25A7619302Aligned.sortedByCoord.out.bam",11981
"CME25A7619301Aligned.sortedByCoord.out.bam",8971
"CME25A7619303Aligned.sortedByCoord.out.bam",11954
"CME25A7619298Aligned.sortedByCoord.out.bam",9572
"CME25A7619300Aligned.sortedByCoord.out.bam",15499
"CME25A7619304Aligned.sortedByCoord.out.bam",10025
"CME25A7619299Aligned.sortedByCoord.out.bam",7569
"CME25A7619294Aligned.sortedByCoord.out.bam",13542
"CME25A7619296Aligned.sortedByCoord.out.bam",14429
"CME25A7619293Aligned.sortedByCoord.out.bam",9639
"CME25A7619295Aligned.sortedByCoord.out.bam",5534
"CME25A7619292Aligned.sortedByCoord.out.bam",11535
"CME25A7619284Aligned.sortedByCoord.out.bam",15424
"CME25A7619291Aligned.sortedByCoord.out.bam",12926
"CME25A7619286Aligned.sortedByCoord.out.bam",14187
"CME25A7619290Aligned.sortedByCoord.out.bam",13280
"CME25A7619282Aligned.sortedByCoord.out.bam",10593
"CME25A7619288Aligned.sortedByCoord.out.bam",12771
"CME25A7619285Aligned.sortedByCoord.out.bam",12017
"CME25A7619281Aligned.sortedByCoord.out.bam",13093
"CME25A7619289Aligned.sortedByCoord.out.bam",8099
"CME25A7619283Aligned.sortedByCoord.out.bam",12110
"CME25A7619280Aligned.sortedByCoord.out.bam",8105
"CME25A7619278Aligned.sortedByCoord.out.bam",16797
"CME25A7619279Aligned.sortedByCoord.out.bam",5620
"CME25A7619277Aligned.sortedByCoord.out.bam",4781
"CME25A7619274Aligned.sortedByCoord.out.bam",12026
"CME25A7619276Aligned.sortedByCoord.out.bam",5029
"CME25A7619272Aligned.sortedByCoord.out.bam",4894
"CME25A7619275Aligned.sortedByCoord.out.bam",13042
"CME25A7619271Aligned.sortedByCoord.out.bam",6171
"CME25A7619269Aligned.sortedByCoord.out.bam",6132
"CME25A7619273Aligned.sortedByCoord.out.bam",11766
"CME25A7619270Aligned.sortedByCoord.out.bam",8310
"CME25A7619265Aligned.sortedByCoord.out.bam",12673
"CME25A7619267Aligned.sortedByCoord.out.bam",5394
"CME25A7619268Aligned.sortedByCoord.out.bam",5646
"CME25A7619266Aligned.sortedByCoord.out.bam",7470
"CME25A7587400Aligned.sortedByCoord.out.bam",7297
"CME25A7587403Aligned.sortedByCoord.out.bam",14597
"CME25A7619264Aligned.sortedByCoord.out.bam",14818
"CME25A7587401Aligned.sortedByCoord.out.bam",6252
"CME25A7587399Aligned.sortedByCoord.out.bam",10974
"CME25A7587398Aligned.sortedByCoord.out.bam",11861
"CME25A7587402Aligned.sortedByCoord.out.bam",7706
"CME25A7587397Aligned.sortedByCoord.out.bam",10122
"CME25A7587396Aligned.sortedByCoord.out.bam",6336
"CME25A7587392Aligned.sortedByCoord.out.bam",7215
"CME25A7587394Aligned.sortedByCoord.out.bam",7206
"CME25A7587393Aligned.sortedByCoord.out.bam",14028
"CME25A7587395Aligned.sortedByCoord.out.bam",9862
"CME25A7587388Aligned.sortedByCoord.out.bam",10974
"CME25A7587391Aligned.sortedByCoord.out.bam",13366
"CME25A7587389Aligned.sortedByCoord.out.bam",8772
"CME25A7587390Aligned.sortedByCoord.out.bam",5616
"CME25A7587386Aligned.sortedByCoord.out.bam",11110
"CME25A7587376Aligned.sortedByCoord.out.bam",7041
"CME25A7587385Aligned.sortedByCoord.out.bam",7463
"CME25A7587378Aligned.sortedByCoord.out.bam",9259
"CME25A7587387Aligned.sortedByCoord.out.bam",12048
"CME25A7587380Aligned.sortedByCoord.out.bam",10304
"CME25A7587381Aligned.sortedByCoord.out.bam",11268
"CME25A7587383Aligned.sortedByCoord.out.bam",7994
"CME25A7587382Aligned.sortedByCoord.out.bam",11091
"CME25A7587377Aligned.sortedByCoord.out.bam",10422
"CME25A7587384Aligned.sortedByCoord.out.bam",8014
"CME25A7587379Aligned.sortedByCoord.out.bam",14957
"CME25A7587375Aligned.sortedByCoord.out.bam",13249
"CME25A7587369Aligned.sortedByCoord.out.bam",9370
"CME25A7587373Aligned.sortedByCoord.out.bam",12095
"CME25A7587374Aligned.sortedByCoord.out.bam",4298
"CME25A7587370Aligned.sortedByCoord.out.bam",3872
"CME25A7587368Aligned.sortedByCoord.out.bam",5039
"CME25A7587372Aligned.sortedByCoord.out.bam",5098
"CME25A7587371Aligned.sortedByCoord.out.bam",6110
"CME25A7587362Aligned.sortedByCoord.out.bam",4713
"CME25A7587275Aligned.sortedByCoord.out.bam",7483
"CME25A7587278Aligned.sortedByCoord.out.bam",7895
"CME25A7587276Aligned.sortedByCoord.out.bam",9523
"CME25A7587274Aligned.sortedByCoord.out.bam",7990
"CME25A7587273Aligned.sortedByCoord.out.bam",9744
"CME25A7587272Aligned.sortedByCoord.out.bam",9754
"CME25A7587265Aligned.sortedByCoord.out.bam",6480
"CME25A7587270Aligned.sortedByCoord.out.bam",7012
"CME25A7587267Aligned.sortedByCoord.out.bam",5231
"CME25A7587261Aligned.sortedByCoord.out.bam",7689
"CME25A7587264Aligned.sortedByCoord.out.bam",8265
"CME25A7587269Aligned.sortedByCoord.out.bam",7374
"CME25A7587271Aligned.sortedByCoord.out.bam",8078
"CME25A7587268Aligned.sortedByCoord.out.bam",6356
"CME25A7587266Aligned.sortedByCoord.out.bam",6222
"CME25A7587263Aligned.sortedByCoord.out.bam",8226
"CME25A7587262Aligned.sortedByCoord.out.bam",8141
"CME25A7587260Aligned.sortedByCoord.out.bam",8875
"CME25A7587259Aligned.sortedByCoord.out.bam",7995
"CME25A7587255Aligned.sortedByCoord.out.bam",9337
"CME25A7587257Aligned.sortedByCoord.out.bam",3796
"CME25A7587258Aligned.sortedByCoord.out.bam",6003
"CME25A7587256Aligned.sortedByCoord.out.bam",7727
"CME25A7587253Aligned.sortedByCoord.out.bam",7609
"CME25A7587252Aligned.sortedByCoord.out.bam",8719
"CME25A7587251Aligned.sortedByCoord.out.bam",8114
"CME25A7587248Aligned.sortedByCoord.out.bam",8929
"CME25A7587254Aligned.sortedByCoord.out.bam",6953
"CME25A7587249Aligned.sortedByCoord.out.bam",6813
"CME25A7587250Aligned.sortedByCoord.out.bam",5805
"CME25A7587242Aligned.sortedByCoord.out.bam",9841
"CME25A7587244Aligned.sortedByCoord.out.bam",9718
"CME25A7587240Aligned.sortedByCoord.out.bam",7915
"CME25A7587247Aligned.sortedByCoord.out.bam",9848
"CME25A7587246Aligned.sortedByCoord.out.bam",6453
"CME25A7587241Aligned.sortedByCoord.out.bam",5993
"CME25A7587245Aligned.sortedByCoord.out.bam",10793
"CME25A7587243Aligned.sortedByCoord.out.bam",9418
"CME25A7587239Aligned.sortedByCoord.out.bam",10202
"CME25A7587218Aligned.sortedByCoord.out.bam",7600
"CME25A7587227Aligned.sortedByCoord.out.bam",7449
"CME25A7587230Aligned.sortedByCoord.out.bam",10756
"CME25A7587228Aligned.sortedByCoord.out.bam",9273
"CME25A7587232Aligned.sortedByCoord.out.bam",11666
"CME25A7587237Aligned.sortedByCoord.out.bam",8510
"CME25A7587238Aligned.sortedByCoord.out.bam",8984
"CME25A7587236Aligned.sortedByCoord.out.bam",6813
"CME25A7587234Aligned.sortedByCoord.out.bam",7848
"CME25A7587233Aligned.sortedByCoord.out.bam",10208
"CME25A7587235Aligned.sortedByCoord.out.bam",9396
"CME25A7587226Aligned.sortedByCoord.out.bam",7602
"CME25A7587231Aligned.sortedByCoord.out.bam",9670
"CME25A7587229Aligned.sortedByCoord.out.bam",8241
"CME25A7587225Aligned.sortedByCoord.out.bam",7558
"CME25A7587223Aligned.sortedByCoord.out.bam",8738
"CME25A7587224Aligned.sortedByCoord.out.bam",10131
"CME25A7587222Aligned.sortedByCoord.out.bam",9777
"CME25A7587217Aligned.sortedByCoord.out.bam",7422
"CME25A7587220Aligned.sortedByCoord.out.bam",6738
"CME25A7587219Aligned.sortedByCoord.out.bam",7002
"CME25A7587221Aligned.sortedByCoord.out.bam",9472
"CME25A7587216Aligned.sortedByCoord.out.bam",9727
"CME25A7587215Aligned.sortedByCoord.out.bam",8062
"CME25A7587214Aligned.sortedByCoord.out.bam",9094
"CME25A7587213Aligned.sortedByCoord.out.bam",6628
"CME25A7587212Aligned.sortedByCoord.out.bam",7230
"ERR2851716Aligned.sortedByCoord.out.bam",7274
"ERR2851717Aligned.sortedByCoord.out.bam",7837
"ERR2851718Aligned.sortedByCoord.out.bam",8777
"ERR2851719Aligned.sortedByCoord.out.bam",9558
"ERR2851720Aligned.sortedByCoord.out.bam",8144
"ERR2851721Aligned.sortedByCoord.out.bam",5969
"ERR2851722Aligned.sortedByCoord.out.bam",8388
"ERR2851723Aligned.sortedByCoord.out.bam",9409
"ERR2851724Aligned.sortedByCoord.out.bam",6674
"ERR2851725Aligned.sortedByCoord.out.bam",6010
"ERR2851726Aligned.sortedByCoord.out.bam",2077
"ERR2851727Aligned.sortedByCoord.out.bam",5150
"ERR2851728Aligned.sortedByCoord.out.bam",4637
"ERR2851729Aligned.sortedByCoord.out.bam",4166
"ERR2851730Aligned.sortedByCoord.out.bam",4185
"ERR2851731Aligned.sortedByCoord.out.bam",2955
"ERR2851732Aligned.sortedByCoord.out.bam",3111
"ERR2851733Aligned.sortedByCoord.out.bam",9147
"ERR2851734Aligned.sortedByCoord.out.bam",4831
"ERR2851735Aligned.sortedByCoord.out.bam",7340
"ERR2851736Aligned.sortedByCoord.out.bam",5741
"ERR2851737Aligned.sortedByCoord.out.bam",3315
"ERR2851738Aligned.sortedByCoord.out.bam",5746
"ERR2851739Aligned.sortedByCoord.out.bam",2692
"ERR2851740Aligned.sortedByCoord.out.bam",3145
"ERR2851741Aligned.sortedByCoord.out.bam",4907
"ERR2851742Aligned.sortedByCoord.out.bam",6924
"ERR2851743Aligned.sortedByCoord.out.bam",3458
"ERR2851744Aligned.sortedByCoord.out.bam",11655
"ERR2851745Aligned.sortedByCoord.out.bam",7190
"ERR2851746Aligned.sortedByCoord.out.bam",1850
"ERR2851747Aligned.sortedByCoord.out.bam",4642
"ERR2851748Aligned.sortedByCoord.out.bam",2310
"ERR2851749Aligned.sortedByCoord.out.bam",4924
"ERR2851750Aligned.sortedByCoord.out.bam",3571
"ERR2851751Aligned.sortedByCoord.out.bam",6789
"ERR2851752Aligned.sortedByCoord.out.bam",5755
"ERR2851753Aligned.sortedByCoord.out.bam",5824
"ERR2851754Aligned.sortedByCoord.out.bam",4473
"ERR2851755Aligned.sortedByCoord.out.bam",4030
"ERR2851756Aligned.sortedByCoord.out.bam",3988
"ERR2851757Aligned.sortedByCoord.out.bam",5076
"ERR2851758Aligned.sortedByCoord.out.bam",3605
"ERR2851759Aligned.sortedByCoord.out.bam",6780
"ERR2851760Aligned.sortedByCoord.out.bam",3994
"ERR2851761Aligned.sortedByCoord.out.bam",6496
"ERR2851762Aligned.sortedByCoord.out.bam",7045
"ERR2851763Aligned.sortedByCoord.out.bam",6453
"ERR2851764Aligned.sortedByCoord.out.bam",3128
"ERR2851765Aligned.sortedByCoord.out.bam",1936
"ERR2851766Aligned.sortedByCoord.out.bam",3556
"ERR2851767Aligned.sortedByCoord.out.bam",5822
"ERR2851768Aligned.sortedByCoord.out.bam",6415
"ERR2851769Aligned.sortedByCoord.out.bam",6454
"ERR2851770Aligned.sortedByCoord.out.bam",4939
"ERR2851771Aligned.sortedByCoord.out.bam",5870
"ERR2851772Aligned.sortedByCoord.out.bam",3246
"ERR2851773Aligned.sortedByCoord.out.bam",3830
"ERR2851774Aligned.sortedByCoord.out.bam",9256
"ERR2851775Aligned.sortedByCoord.out.bam",5674
"ERR2851776Aligned.sortedByCoord.out.bam",2925
"ERR2851777Aligned.sortedByCoord.out.bam",5334
"ERR2851778Aligned.sortedByCoord.out.bam",5357
"ERR2851779Aligned.sortedByCoord.out.bam",5055
"ERR2851780Aligned.sortedByCoord.out.bam",1576
"ERR2851781Aligned.sortedByCoord.out.bam",8581
"ERR2851782Aligned.sortedByCoord.out.bam",4976
"ERR2851783Aligned.sortedByCoord.out.bam",5941
"ERR2851784Aligned.sortedByCoord.out.bam",2664
"ERR2851785Aligned.sortedByCoord.out.bam",7587
"ERR2851786Aligned.sortedByCoord.out.bam",10354
"ERR2851787Aligned.sortedByCoord.out.bam",9794
"ERR2851788Aligned.sortedByCoord.out.bam",12939
"ERR2851789Aligned.sortedByCoord.out.bam",17207
"ERR2851790Aligned.sortedByCoord.out.bam",8610
"ERR2851791Aligned.sortedByCoord.out.bam",7980
"ERR2851792Aligned.sortedByCoord.out.bam",6361
"ERR2851793Aligned.sortedByCoord.out.bam",7621
"ERR2851794Aligned.sortedByCoord.out.bam",7675
"ERR2851795Aligned.sortedByCoord.out.bam",11764
"ERR2851796Aligned.sortedByCoord.out.bam",15458
"ERR2851797Aligned.sortedByCoord.out.bam",7301
"ERR2851798Aligned.sortedByCoord.out.bam",8006
"ERR2851799Aligned.sortedByCoord.out.bam",6279
"ERR2851800Aligned.sortedByCoord.out.bam",10316
"ERR2851801Aligned.sortedByCoord.out.bam",15949
"ERR2851802Aligned.sortedByCoord.out.bam",12609
"ERR2851803Aligned.sortedByCoord.out.bam",6571
"ERR2851804Aligned.sortedByCoord.out.bam",8566
"ERR2851805Aligned.sortedByCoord.out.bam",6547
"ERR2851806Aligned.sortedByCoord.out.bam",9004
"ERR2851807Aligned.sortedByCoord.out.bam",14545
"ERR2851808Aligned.sortedByCoord.out.bam",11293
"ERR2851809Aligned.sortedByCoord.out.bam",12363
"ERR2851810Aligned.sortedByCoord.out.bam",8214
"ERR2851811Aligned.sortedByCoord.out.bam",9557
"ERR2851812Aligned.sortedByCoord.out.bam",13132
"ERR2851813Aligned.sortedByCoord.out.bam",9958
"ERR2851814Aligned.sortedByCoord.out.bam",9714
"ERR2851815Aligned.sortedByCoord.out.bam",7518
"ERR2851816Aligned.sortedByCoord.out.bam",8423
"ERR2851817Aligned.sortedByCoord.out.bam",13490
"ERR2851818Aligned.sortedByCoord.out.bam",11997
"ERR2851819Aligned.sortedByCoord.out.bam",9601
"ERR2851820Aligned.sortedByCoord.out.bam",12670
"ERR2851821Aligned.sortedByCoord.out.bam",5565
"ERR2851822Aligned.sortedByCoord.out.bam",12284
"ERR2851823Aligned.sortedByCoord.out.bam",9231
"ERR2851824Aligned.sortedByCoord.out.bam",11518
"ERR2851825Aligned.sortedByCoord.out.bam",7266
"ERR2851826Aligned.sortedByCoord.out.bam",12338
"ERR2851827Aligned.sortedByCoord.out.bam",6058
"ERR2851828Aligned.sortedByCoord.out.bam",10008
"ERR2851829Aligned.sortedByCoord.out.bam",7130
"ERR2851830Aligned.sortedByCoord.out.bam",11890
"ERR2851831Aligned.sortedByCoord.out.bam",14261
"ERR2851832Aligned.sortedByCoord.out.bam",9381
"ERR2851833Aligned.sortedByCoord.out.bam",8240
"ERR2851834Aligned.sortedByCoord.out.bam",11726
"ERR2851835Aligned.sortedByCoord.out.bam",8947
"ERR2851836Aligned.sortedByCoord.out.bam",13050
"ERR2851837Aligned.sortedByCoord.out.bam",9125
"ERR2851838Aligned.sortedByCoord.out.bam",9634
"ERR2851839Aligned.sortedByCoord.out.bam",11096
"ERR2851840Aligned.sortedByCoord.out.bam",8642
"ERR2851841Aligned.sortedByCoord.out.bam",13263
"ERR2851842Aligned.sortedByCoord.out.bam",13649
"ERR2851843Aligned.sortedByCoord.out.bam",12897
"ERR2851844Aligned.sortedByCoord.out.bam",8857
"ERR2851845Aligned.sortedByCoord.out.bam",9472
"ERR2851846Aligned.sortedByCoord.out.bam",8539
"ERR2851847Aligned.sortedByCoord.out.bam",8163
"ERR2851848Aligned.sortedByCoord.out.bam",7559
"ERR2851849Aligned.sortedByCoord.out.bam",12040
"ERR2851850Aligned.sortedByCoord.out.bam",12072
"ERR2851851Aligned.sortedByCoord.out.bam",8182
"ERR2851852Aligned.sortedByCoord.out.bam",12464
"ERR2851853Aligned.sortedByCoord.out.bam",10421
"ERR2851854Aligned.sortedByCoord.out.bam",7281
"ERR2851855Aligned.sortedByCoord.out.bam",7409
"ERR2851856Aligned.sortedByCoord.out.bam",8749
"ERR2851857Aligned.sortedByCoord.out.bam",11725
"ERR2851858Aligned.sortedByCoord.out.bam",9304
"ERR2851859Aligned.sortedByCoord.out.bam",7461
"ERR2851860Aligned.sortedByCoord.out.bam",12609
"ERR2851861Aligned.sortedByCoord.out.bam",5632
"ERR2851862Aligned.sortedByCoord.out.bam",10523
"ERR2851863Aligned.sortedByCoord.out.bam",11158
"ERR2851864Aligned.sortedByCoord.out.bam",9417
"ERR2851865Aligned.sortedByCoord.out.bam",8301
"ERR2851866Aligned.sortedByCoord.out.bam",5486
"ERR2851867Aligned.sortedByCoord.out.bam",7319
"ERR2851868Aligned.sortedByCoord.out.bam",9430
"ERR2851869Aligned.sortedByCoord.out.bam",11217
"ERR2851870Aligned.sortedByCoord.out.bam",7728
"ERR2851871Aligned.sortedByCoord.out.bam",8436
"ERR2851872Aligned.sortedByCoord.out.bam",4521
"ERR2851873Aligned.sortedByCoord.out.bam",14046
"ERR2851874Aligned.sortedByCoord.out.bam",6722
"ERR2851875Aligned.sortedByCoord.out.bam",7530
"ERR2851876Aligned.sortedByCoord.out.bam",11791
"ERR2851877Aligned.sortedByCoord.out.bam",8665
"ERR2851878Aligned.sortedByCoord.out.bam",7257
"ERR2851879Aligned.sortedByCoord.out.bam",6820
"ERR2851880Aligned.sortedByCoord.out.bam",7101
"ERR2851881Aligned.sortedByCoord.out.bam",6445
"ERR2851882Aligned.sortedByCoord.out.bam",10523
"ERR2851883Aligned.sortedByCoord.out.bam",8045
"ERR2851884Aligned.sortedByCoord.out.bam",11187
"ERR2851885Aligned.sortedByCoord.out.bam",5039
"ERR2851886Aligned.sortedByCoord.out.bam",7919
"ERR2851887Aligned.sortedByCoord.out.bam",13407
"ERR2851888Aligned.sortedByCoord.out.bam",10622
"ERR2851889Aligned.sortedByCoord.out.bam",5428
"ERR2851890Aligned.sortedByCoord.out.bam",8488
"ERR2851891Aligned.sortedByCoord.out.bam",6899
"ERR2851892Aligned.sortedByCoord.out.bam",3979
"ERR2851893Aligned.sortedByCoord.out.bam",9730
"ERR2851894Aligned.sortedByCoord.out.bam",7211
"ERR2851895Aligned.sortedByCoord.out.bam",9704
"ERR2851896Aligned.sortedByCoord.out.bam",9407
"ERR2851897Aligned.sortedByCoord.out.bam",5296
"ERR2851898Aligned.sortedByCoord.out.bam",6765
"ERR2851899Aligned.sortedByCoord.out.bam",7113
"ERR2851900Aligned.sortedByCoord.out.bam",9844
"ERR2851901Aligned.sortedByCoord.out.bam",5120
"ERR2851902Aligned.sortedByCoord.out.bam",5592
"ERR2851903Aligned.sortedByCoord.out.bam",10007
"ERR2851904Aligned.sortedByCoord.out.bam",11566
"ERR2851905Aligned.sortedByCoord.out.bam",11376
"ERR2851906Aligned.sortedByCoord.out.bam",14644
"ERR2851907Aligned.sortedByCoord.out.bam",6412
"ERR2851908Aligned.sortedByCoord.out.bam",9159
"ERR2851909Aligned.sortedByCoord.out.bam",10046
"ERR2851910Aligned.sortedByCoord.out.bam",7484
"ERR2851911Aligned.sortedByCoord.out.bam",12394
"SLX.12168.N706_S504.C9JGJANXX.s_8.rAligned.sortedByCoord.out.bam",8562
"SLX.12168.N706_S502.C9JGJANXX.s_8.rAligned.sortedByCoord.out.bam",10949
"SLX.12168.N706_S503.C9JGJANXX.s_8.rAligned.sortedByCoord.out.bam",13313
"SLX.12168.N704_S502.C9JGJANXX.s_8.rAligned.sortedByCoord.out.bam",8878
"SLX.12168.N706_S517.C9JGJANXX.s_8.rAligned.sortedByCoord.out.bam",6181
"SLX.12168.N705_S503.C9JGJANXX.s_8.rAligned.sortedByCoord.out.bam",7745
"SLX.12168.N705_S517.C9JGJANXX.s_8.rAligned.sortedByCoord.out.bam",6486
"SLX.12168.N704_S504.C9JGJANXX.s_8.rAligned.sortedByCoord.out.bam",9064
"SLX.12168.N705_S502.C9JGJANXX.s_8.rAligned.sortedByCoord.out.bam",7956
"SLX.12168.N704_S517.C9JGJANXX.s_8.rAligned.sortedByCoord.out.bam",9538
"SLX.12168.N705_S504.C9JGJANXX.s_8.rAligned.sortedByCoord.out.bam",3006
"SLX.12168.N703_S517.C9JGJANXX.s_8.rAligned.sortedByCoord.out.bam",6713
"SLX.12168.N704_S503.C9JGJANXX.s_8.rAligned.sortedByCoord.out.bam",3107
"SLX.12168.N703_S504.C9JGJANXX.s_8.rAligned.sortedByCoord.out.bam",4995
"SLX.12168.N703_S503.C9JGJANXX.s_8.rAligned.sortedByCoord.out.bam",7867
"SLX.10821.N706_N503.C854JANXX.s_7.rAligned.sortedByCoord.out.bam",3523
"SLX.10821.N705_N503.C854JANXX.s_7.rAligned.sortedByCoord.out.bam",3851
"SLX.10821.N703_N503.C854JANXX.s_7.rAligned.sortedByCoord.out.bam",9784
"SLX.12168.N702_S503.C9JGJANXX.s_8.rAligned.sortedByCoord.out.bam",6037
"SLX.12168.N702_S504.C9JGJANXX.s_8.rAligned.sortedByCoord.out.bam",6659
"SLX.10821.N702_N503.C854JANXX.s_7.rAligned.sortedByCoord.out.bam",3214
"SLX.10821.N704_N502.C854JANXX.s_7.rAligned.sortedByCoord.out.bam",1846
"SLX.10821.N705_N517.C854JANXX.s_7.rAligned.sortedByCoord.out.bam",13116
"SLX.10821.N704_N503.C854JANXX.s_7.rAligned.sortedByCoord.out.bam",5618
"SLX.10821.N701_N502.C854JANXX.s_7.rAligned.sortedByCoord.out.bam",7090
"SLX.12168.N703_S502.C9JGJANXX.s_8.rAligned.sortedByCoord.out.bam",3465
"SLX.10821.N706_N504.C854JANXX.s_7.rAligned.sortedByCoord.out.bam",4847
"SLX.10821.N706_N502.C854JANXX.s_7.rAligned.sortedByCoord.out.bam",6962
"SLX.12168.N701_S517.C9JGJANXX.s_8.rAligned.sortedByCoord.out.bam",14618
"SLX.10821.N703_N502.C854JANXX.s_7.rAligned.sortedByCoord.out.bam",3533
"SLX.10821.N701_N504.C854JANXX.s_7.rAligned.sortedByCoord.out.bam",5917
"SLX.10821.N702_N502.C854JANXX.s_7.rAligned.sortedByCoord.out.bam",2703
"SLX.12168.N701_S503.C9JGJANXX.s_8.rAligned.sortedByCoord.out.bam",4668
"SLX.12168.N701_S504.C9JGJANXX.s_8.rAligned.sortedByCoord.out.bam",1944
"SLX.10821.N705_N502.C854JANXX.s_7.rAligned.sortedByCoord.out.bam",2701
"SLX.10821.N703_N504.C854JANXX.s_7.rAligned.sortedByCoord.out.bam",6835
"SLX.12168.N702_S517.C9JGJANXX.s_8.rAligned.sortedByCoord.out.bam",8297
"SLX.10821.N701_N503.C854JANXX.s_7.rAligned.sortedByCoord.out.bam",6901
"SLX.10821.N704_N504.C854JANXX.s_7.rAligned.sortedByCoord.out.bam",3890
"SLX.10821.N705_N504.C854JANXX.s_7.rAligned.sortedByCoord.out.bam",3039
"SLX.10821.N702_N517.C854JANXX.s_7.rAligned.sortedByCoord.out.bam",2835
"SLX.10821.N706_N517.C854JANXX.s_7.rAligned.sortedByCoord.out.bam",2758
"SLX.12168.N701_S502.C9JGJANXX.s_8.rAligned.sortedByCoord.out.bam",7670
"CME25A7812760Aligned.sortedByCoord.out.bam.1",5186
"CME25A7812757Aligned.sortedByCoord.out.bam.1",5863
"CME25A7812759Aligned.sortedByCoord.out.bam.1",3710
"CME25A7812758Aligned.sortedByCoord.out.bam.1",3837
"CME25A7812761Aligned.sortedByCoord.out.bam.1",3876
"CME25A7812756Aligned.sortedByCoord.out.bam.1",7198
"CME25A7812749Aligned.sortedByCoord.out.bam.1",5081
"CME25A7812754Aligned.sortedByCoord.out.bam.1",4710
"CME25A7812745Aligned.sortedByCoord.out.bam.1",6558
"CME25A7812755Aligned.sortedByCoord.out.bam.1",6879
