"","marmoset_dataInVivo$LOC"
"CME25A7812760Aligned.sortedByCoord.out.bam","P1_E15B_207_AV"
"CME25A7812757Aligned.sortedByCoord.out.bam","P1_E15B_207_AS"
"CME25A7812756Aligned.sortedByCoord.out.bam","P1_E15B_207_AR"
"CME25A7812754Aligned.sortedByCoord.out.bam","P1_E15B_207_AP"
"CME25A7812745Aligned.sortedByCoord.out.bam","P1_E15B_207_AG"
"CME25A7812753Aligned.sortedByCoord.out.bam","P1_E15B_207_AO"
"CME25A7812750Aligned.sortedByCoord.out.bam","P1_E15B_207_AL"
"CME25A7812751Aligned.sortedByCoord.out.bam","P1_E15B_207_AM"
"CME25A7812752Aligned.sortedByCoord.out.bam","P1_E15B_207_AN"
"CME25A7812748Aligned.sortedByCoord.out.bam","P1_E15B_207_AJ"
"CME25A7812743Aligned.sortedByCoord.out.bam","P1_E15B_207_AE"
"CME25A7812715Aligned.sortedByCoord.out.bam","P1_E15B_207_C"
"CME25A7812741Aligned.sortedByCoord.out.bam","P1_E15B_207_AC"
"CME25A7812740Aligned.sortedByCoord.out.bam","P1_E15B_207_AB"
"CME25A7812739Aligned.sortedByCoord.out.bam","P1_E15B_207_AA"
"CME25A7812738Aligned.sortedByCoord.out.bam","P1_E15B_207_Z"
"CME25A7812737Aligned.sortedByCoord.out.bam","P1_E15B_207_Y"
"CME25A7812724Aligned.sortedByCoord.out.bam","P1_E15B_207_L"
"CME25A7812730Aligned.sortedByCoord.out.bam","P1_E15B_207_R"
"CME25A7812729Aligned.sortedByCoord.out.bam","P1_E15B_207_Q"
"CME25A7812727Aligned.sortedByCoord.out.bam","P1_E15B_207_O"
"CME25A7812716Aligned.sortedByCoord.out.bam","P1_E15B_207_D"
"CME25A7812722Aligned.sortedByCoord.out.bam","P1_E15B_207_J"
"CME25A7812723Aligned.sortedByCoord.out.bam","P1_E15B_207_K"
"CME25A7812714Aligned.sortedByCoord.out.bam","P1_E15B_207_B"
"CME25A7812718Aligned.sortedByCoord.out.bam","P1_E15B_207_F"
"CME25A7812720Aligned.sortedByCoord.out.bam","P1_E15B_207_H"
"CME25A7812721Aligned.sortedByCoord.out.bam","P1_E15B_207_I"
"CME25A7812719Aligned.sortedByCoord.out.bam","P1_E15B_207_G"
"CME25A7812709Aligned.sortedByCoord.out.bam","P1_E15B_193_AR"
"CME25A7812711Aligned.sortedByCoord.out.bam","P1_E15B_193_AT"
"CME25A7812705Aligned.sortedByCoord.out.bam","P1_E15B_193_AN"
"CME25A7812708Aligned.sortedByCoord.out.bam","P1_E15B_193_AQ"
"CME25A7812701Aligned.sortedByCoord.out.bam","P1_E15B_193_AJ"
"CME25A7812704Aligned.sortedByCoord.out.bam","P1_E15B_193_AM"
"CME25A7812702Aligned.sortedByCoord.out.bam","P1_E15B_193_AK"
"CME25A7812700Aligned.sortedByCoord.out.bam","P1_E15B_193_AI"
"CME25A7812695Aligned.sortedByCoord.out.bam","P1_E15B_193_AD"
"CME25A7812697Aligned.sortedByCoord.out.bam","P1_E15B_193_AF"
"CME25A7812694Aligned.sortedByCoord.out.bam","P1_E15B_193_AC"
"CME25A7812689Aligned.sortedByCoord.out.bam","P1_E15B_193_X"
"CME25A7812691Aligned.sortedByCoord.out.bam","P1_E15B_193_Z"
"CME25A7812687Aligned.sortedByCoord.out.bam","P1_E15B_193_V"
"CME25A7812686Aligned.sortedByCoord.out.bam","P1_E15B_193_U"
"CME25A7812680Aligned.sortedByCoord.out.bam","P1_E15B_193_O"
"CME25A7812685Aligned.sortedByCoord.out.bam","P1_E15B_193_T"
"CME25A7812681Aligned.sortedByCoord.out.bam","P1_E15B_193_P"
"CME25A7812672Aligned.sortedByCoord.out.bam","P1_E15B_193_G"
"CME25A7812679Aligned.sortedByCoord.out.bam","P1_E15B_193_N"
"CME25A7812676Aligned.sortedByCoord.out.bam","P1_E15B_193_K"
"CME25A7812670Aligned.sortedByCoord.out.bam","P1_E15B_193_E"
"CME25A7812673Aligned.sortedByCoord.out.bam","P1_E15B_193_H"
"CME25A7812668Aligned.sortedByCoord.out.bam","P1_E15B_193_C"
"CME25A7812667Aligned.sortedByCoord.out.bam","P1_E15B_193_B"
"CME25A7851601Aligned.sortedByCoord.out.bam","P2_E15B_213_E"
"CME25A7851560Aligned.sortedByCoord.out.bam","P2_E15B_204_AK"
"CME25A7851628Aligned.sortedByCoord.out.bam","P2_E15B_213_AR"
"CME25A7851635Aligned.sortedByCoord.out.bam","P2_E15B_213_AG"
"CME25A7851567Aligned.sortedByCoord.out.bam","P2_E15B_204_Z"
"CME25A7851595Aligned.sortedByCoord.out.bam","P2_E15B_213_AB"
"CME25A7851644Aligned.sortedByCoord.out.bam","P2_E15B_213_AT"
"CME25A7851597Aligned.sortedByCoord.out.bam","P2_E15B_204_F"
"CME25A7851580Aligned.sortedByCoord.out.bam","P2_E15B_213_AL"
"CME25A7851583Aligned.sortedByCoord.out.bam","P2_E15B_204_AB"
"CME25A7851587Aligned.sortedByCoord.out.bam","P2_E15B_213_AA"
"CME25A7851602Aligned.sortedByCoord.out.bam","P2_E15B_213_Q"
"CME25A7851648Aligned.sortedByCoord.out.bam","P2_E15B_204_AV"
"CME25A7851568Aligned.sortedByCoord.out.bam","P2_E15B_204_AL"
"CME25A7851569Aligned.sortedByCoord.out.bam","P2_E15B_213_A"
"CME25A7851574Aligned.sortedByCoord.out.bam","P2_E15B_204_O"
"CME25A7851571Aligned.sortedByCoord.out.bam","P2_E15B_213_Y"
"CME25A7851640Aligned.sortedByCoord.out.bam","P2_E15B_204_AU"
"CME25A7851586Aligned.sortedByCoord.out.bam","P2_E15B_213_O"
"CME25A7851598Aligned.sortedByCoord.out.bam","P2_E15B_204_R"
"CME25A7851631Aligned.sortedByCoord.out.bam","P2_E15B_204_AH"
"CME25A7851613Aligned.sortedByCoord.out.bam","P2_E15B_204_H"
"CME25A7851637Aligned.sortedByCoord.out.bam","P2_E15B_204_K"
"CME25A7851594Aligned.sortedByCoord.out.bam","P2_E15B_213_P"
"CME25A7851572Aligned.sortedByCoord.out.bam","P2_E15B_213_AK"
"CME25A7851623Aligned.sortedByCoord.out.bam","P2_E15B_204_AG"
"CME25A7851589Aligned.sortedByCoord.out.bam","P2_E15B_204_E"
"CME25A7851606Aligned.sortedByCoord.out.bam","P2_E15B_204_S"
"CME25A7851617Aligned.sortedByCoord.out.bam","P2_E15B_213_G"
"CME25A7851558Aligned.sortedByCoord.out.bam","P2_E15B_204_M"
"CME25A7851557Aligned.sortedByCoord.out.bam","P2_E15B_204_A"
"CME25A7851643Aligned.sortedByCoord.out.bam","P2_E15B_213_AH"
"CME25A7851650Aligned.sortedByCoord.out.bam","P2_E15B_213_W"
"CME25A7851590Aligned.sortedByCoord.out.bam","P2_E15B_204_Q"
"CME25A7851605Aligned.sortedByCoord.out.bam","P2_E15B_204_G"
"CME25A7851639Aligned.sortedByCoord.out.bam","P2_E15B_204_AI"
"CME25A7851609Aligned.sortedByCoord.out.bam","P2_E15B_213_F"
"CME25A7851561Aligned.sortedByCoord.out.bam","P2_E15B_210_A"
"CME25A7851647Aligned.sortedByCoord.out.bam","P2_E15B_204_AJ"
"CME25A7851632Aligned.sortedByCoord.out.bam","P2_E15B_204_AT"
"CME25A7851646Aligned.sortedByCoord.out.bam","P2_E15B_204_X"
"CME25A7851645Aligned.sortedByCoord.out.bam","P2_E15B_204_L"
"CME25A7851581Aligned.sortedByCoord.out.bam","P2_E15B_204_D"
"CME25A7851638Aligned.sortedByCoord.out.bam","P2_E15B_204_W"
"CME25A7851563Aligned.sortedByCoord.out.bam","P2_E15B_213_X"
"CME25A7851565Aligned.sortedByCoord.out.bam","P2_E15B_204_B"
"CME25A7851652Aligned.sortedByCoord.out.bam","P2_E15B_213_AU"
"CME25A7851620Aligned.sortedByCoord.out.bam","P2_E15B_213_AQ"
"CME25A7851564Aligned.sortedByCoord.out.bam","P2_E15B_213_AJ"
"CME25A7851636Aligned.sortedByCoord.out.bam","P2_E15B_213_AS"
"CME25A7851570Aligned.sortedByCoord.out.bam","P2_E15B_213_M"
"CME25A7851596Aligned.sortedByCoord.out.bam","P2_E15B_213_AN"
"X3536STDY8652481Aligned.sortedByCoord.out.bam","E15A_29_O"
"X3536STDY8652497Aligned.sortedByCoord.out.bam","E15A_29_Q"
"X3536STDY8652504Aligned.sortedByCoord.out.bam","E15A_29_D"
"X3536STDY8652505Aligned.sortedByCoord.out.bam","E15A_29_R"
"X3536STDY8652512Aligned.sortedByCoord.out.bam","E15A_29_G"
"X3536STDY8652513Aligned.sortedByCoord.out.bam","E15A_29_S"
"X3536STDY8652520Aligned.sortedByCoord.out.bam","E15A_29_H"
"X3536STDY8652521Aligned.sortedByCoord.out.bam","E15A_29_T"
"X3536STDY8652528Aligned.sortedByCoord.out.bam","E15A_29_I"
"X3536STDY8652529Aligned.sortedByCoord.out.bam","E15A_29_U"
"X3536STDY8652536Aligned.sortedByCoord.out.bam","E15A_29_J"
"X3536STDY8652537Aligned.sortedByCoord.out.bam","E15A_29_V"
"X3536STDY8652544Aligned.sortedByCoord.out.bam","E15A_29_K"
"X3536STDY8652545Aligned.sortedByCoord.out.bam","E15A_29_W"
"X3536STDY8652552Aligned.sortedByCoord.out.bam","E15A_29_L"
"X3536STDY8652553Aligned.sortedByCoord.out.bam","E15A_29_X"
"X3536STDY8652560Aligned.sortedByCoord.out.bam","E15A_29_M"
"X3536STDY8652561Aligned.sortedByCoord.out.bam","E15A_29_Y"
"X3536STDY8652568Aligned.sortedByCoord.out.bam","E15A_29_N"
"X3536STDY8652569Aligned.sortedByCoord.out.bam","E15A_29_Z"
"CME25A7619418Aligned.sortedByCoord.out.bam","P5_CM_2601A_4C_e2_4"
"CME25A7619410Aligned.sortedByCoord.out.bam","P5_CM_2601A_4C_e2_3"
"CME25A7619402Aligned.sortedByCoord.out.bam","P5_CM_2601A_4C_e2_2"
"CME25A7619394Aligned.sortedByCoord.out.bam","P5_CM_2601A_4C_e2_1"
"CME25A7619386Aligned.sortedByCoord.out.bam","P5_CM_2601A_4C_e1_4"
"CME25A7619378Aligned.sortedByCoord.out.bam","P5_CM_2601A_4C_e1_3"
"CME25A7619370Aligned.sortedByCoord.out.bam","P5_CM_2601A_4C_e1_2"
"CME25A7619362Aligned.sortedByCoord.out.bam","P5_CM_2601A_4C_e1_1"
"ERR2851716Aligned.sortedByCoord.out.bam","E-MTAB-7078:Zygote_1"
"ERR2851717Aligned.sortedByCoord.out.bam","E-MTAB-7078:Zygote_2"
"ERR2851718Aligned.sortedByCoord.out.bam","E-MTAB-7078:Zygote_3"
"ERR2851719Aligned.sortedByCoord.out.bam","E-MTAB-7078:4cell_1_C1"
"ERR2851720Aligned.sortedByCoord.out.bam","E-MTAB-7078:4cell_1_C2"
"ERR2851721Aligned.sortedByCoord.out.bam","E-MTAB-7078:4cell_1_C3"
"ERR2851722Aligned.sortedByCoord.out.bam","E-MTAB-7078:4cell_1_C4"
"ERR2851723Aligned.sortedByCoord.out.bam","E-MTAB-7078:8cell_1_C1"
"ERR2851724Aligned.sortedByCoord.out.bam","E-MTAB-7078:8cell_1_C2"
"ERR2851725Aligned.sortedByCoord.out.bam","E-MTAB-7078:8cell_1_C3"
"ERR2851726Aligned.sortedByCoord.out.bam","E-MTAB-7078:8cell_1_C5"
"ERR2851727Aligned.sortedByCoord.out.bam","E-MTAB-7078:8cell_1_C6"
"ERR2851728Aligned.sortedByCoord.out.bam","E-MTAB-7078:8cell_1_C7"
"ERR2851729Aligned.sortedByCoord.out.bam","E-MTAB-7078:8cell_1_C8"
"ERR2851730Aligned.sortedByCoord.out.bam","E-MTAB-7078:8cell_2_C1"
"ERR2851731Aligned.sortedByCoord.out.bam","E-MTAB-7078:8cell_2_C2"
"ERR2851732Aligned.sortedByCoord.out.bam","E-MTAB-7078:8cell_2_C3"
"ERR2851733Aligned.sortedByCoord.out.bam","E-MTAB-7078:8cell_2_C4"
"ERR2851734Aligned.sortedByCoord.out.bam","E-MTAB-7078:8cell_2_C5"
"ERR2851735Aligned.sortedByCoord.out.bam","E-MTAB-7078:8cell_2_C6"
"ERR2851736Aligned.sortedByCoord.out.bam","E-MTAB-7078:8cell_2_C7"
"ERR2851737Aligned.sortedByCoord.out.bam","E-MTAB-7078:8cell_2_C8"
"ERR2851738Aligned.sortedByCoord.out.bam","E-MTAB-7078:CompactedMorula_1_C1"
"ERR2851739Aligned.sortedByCoord.out.bam","E-MTAB-7078:CompactedMorula_1_C2"
"ERR2851740Aligned.sortedByCoord.out.bam","E-MTAB-7078:CompactedMorula_1_C4"
"ERR2851741Aligned.sortedByCoord.out.bam","E-MTAB-7078:CompactedMorula_1_C5"
"ERR2851742Aligned.sortedByCoord.out.bam","E-MTAB-7078:CompactedMorula_1_C6"
"ERR2851743Aligned.sortedByCoord.out.bam","E-MTAB-7078:CompactedMorula_1_C7"
"ERR2851744Aligned.sortedByCoord.out.bam","E-MTAB-7078:CompactedMorula_1_C8"
"ERR2851745Aligned.sortedByCoord.out.bam","E-MTAB-7078:CompactedMorula_1_C9"
"ERR2851746Aligned.sortedByCoord.out.bam","E-MTAB-7078:CompactedMorula_1_C10"
"ERR2851747Aligned.sortedByCoord.out.bam","E-MTAB-7078:CompactedMorula_1_C11"
"ERR2851748Aligned.sortedByCoord.out.bam","E-MTAB-7078:CompactedMorula_1_C12"
"ERR2851749Aligned.sortedByCoord.out.bam","E-MTAB-7078:CompactedMorula_1_C13"
"ERR2851750Aligned.sortedByCoord.out.bam","E-MTAB-7078:CompactedMorula_1_C14"
"ERR2851751Aligned.sortedByCoord.out.bam","E-MTAB-7078:CompactedMorula_1_C15"
"ERR2851752Aligned.sortedByCoord.out.bam","E-MTAB-7078:CompactedMorula_1_C16"
"ERR2851753Aligned.sortedByCoord.out.bam","E-MTAB-7078:CompactedMorula_1_C17"
"ERR2851754Aligned.sortedByCoord.out.bam","E-MTAB-7078:CompactedMorula_1_C18"
"ERR2851755Aligned.sortedByCoord.out.bam","E-MTAB-7078:CompactedMorula_1_C19"
"ERR2851756Aligned.sortedByCoord.out.bam","E-MTAB-7078:CompactedMorula_1_C20"
"ERR2851757Aligned.sortedByCoord.out.bam","E-MTAB-7078:CompactedMorula_1_C22"
"ERR2851758Aligned.sortedByCoord.out.bam","E-MTAB-7078:CompactedMorula_1_C23"
"ERR2851759Aligned.sortedByCoord.out.bam","E-MTAB-7078:CompactedMorula_1_C24"
"ERR2851760Aligned.sortedByCoord.out.bam","E-MTAB-7078:CompactedMorula_2_C1"
"ERR2851761Aligned.sortedByCoord.out.bam","E-MTAB-7078:CompactedMorula_2_C2"
"ERR2851762Aligned.sortedByCoord.out.bam","E-MTAB-7078:CompactedMorula_2_C3"
"ERR2851763Aligned.sortedByCoord.out.bam","E-MTAB-7078:CompactedMorula_2_C4"
"ERR2851764Aligned.sortedByCoord.out.bam","E-MTAB-7078:CompactedMorula_2_C5"
"ERR2851765Aligned.sortedByCoord.out.bam","E-MTAB-7078:CompactedMorula_2_C6"
"ERR2851766Aligned.sortedByCoord.out.bam","E-MTAB-7078:CompactedMorula_2_C7"
"ERR2851767Aligned.sortedByCoord.out.bam","E-MTAB-7078:CompactedMorula_2_C8"
"ERR2851768Aligned.sortedByCoord.out.bam","E-MTAB-7078:CompactedMorula_2_C9"
"ERR2851769Aligned.sortedByCoord.out.bam","E-MTAB-7078:CompactedMorula_2_C10"
"ERR2851770Aligned.sortedByCoord.out.bam","E-MTAB-7078:CompactedMorula_3_C1"
"ERR2851771Aligned.sortedByCoord.out.bam","E-MTAB-7078:CompactedMorula_3_C2"
"ERR2851772Aligned.sortedByCoord.out.bam","E-MTAB-7078:CompactedMorula_3_C3"
"ERR2851773Aligned.sortedByCoord.out.bam","E-MTAB-7078:CompactedMorula_3_C4"
"ERR2851774Aligned.sortedByCoord.out.bam","E-MTAB-7078:CompactedMorula_3_C5"
"ERR2851775Aligned.sortedByCoord.out.bam","E-MTAB-7078:CompactedMorula_3_C6"
"ERR2851776Aligned.sortedByCoord.out.bam","E-MTAB-7078:CompactedMorula_3_C7"
"ERR2851777Aligned.sortedByCoord.out.bam","E-MTAB-7078:CompactedMorula_3_C8"
"ERR2851778Aligned.sortedByCoord.out.bam","E-MTAB-7078:CompactedMorula_3_C9"
"ERR2851779Aligned.sortedByCoord.out.bam","E-MTAB-7078:CompactedMorula_3_C10"
"ERR2851780Aligned.sortedByCoord.out.bam","E-MTAB-7078:CompactedMorula_3_C11"
"ERR2851781Aligned.sortedByCoord.out.bam","E-MTAB-7078:CompactedMorula_3_C12"
"ERR2851782Aligned.sortedByCoord.out.bam","E-MTAB-7078:CompactedMorula_3_C13"
"ERR2851783Aligned.sortedByCoord.out.bam","E-MTAB-7078:CompactedMorula_3_C14"
"ERR2851784Aligned.sortedByCoord.out.bam","E-MTAB-7078:CompactedMorula_3_C15"
"ERR2851785Aligned.sortedByCoord.out.bam","E-MTAB-7078:CompactedMorula_3_C16"
"ERR2851786Aligned.sortedByCoord.out.bam","E-MTAB-7078:CompactedMorula_3_C17"
"ERR2851787Aligned.sortedByCoord.out.bam","E-MTAB-7078:CompactedMorula_3_C18"
"ERR2851788Aligned.sortedByCoord.out.bam","E-MTAB-7078:CompactedMorula_3_C19"
"ERR2851789Aligned.sortedByCoord.out.bam","E-MTAB-7078:CompactedMorula_3_C20"
"ERR2851790Aligned.sortedByCoord.out.bam","E-MTAB-7078:CompactedMorula_3_C21"
"ERR2851791Aligned.sortedByCoord.out.bam","E-MTAB-7078:EarlyICM_1_C1"
"ERR2851792Aligned.sortedByCoord.out.bam","E-MTAB-7078:EarlyICM_1_C5"
"ERR2851793Aligned.sortedByCoord.out.bam","E-MTAB-7078:EarlyICM_1_C6"
"ERR2851794Aligned.sortedByCoord.out.bam","E-MTAB-7078:EarlyICM_1_C7"
"ERR2851795Aligned.sortedByCoord.out.bam","E-MTAB-7078:EarlyICM_1_C8"
"ERR2851796Aligned.sortedByCoord.out.bam","E-MTAB-7078:EarlyICM_1_C9"
"ERR2851797Aligned.sortedByCoord.out.bam","E-MTAB-7078:EarlyICM_1_C10"
"ERR2851798Aligned.sortedByCoord.out.bam","E-MTAB-7078:EarlyICM_1_C11"
"ERR2851799Aligned.sortedByCoord.out.bam","E-MTAB-7078:EarlyICM_1_C12"
"ERR2851800Aligned.sortedByCoord.out.bam","E-MTAB-7078:EarlyICM_2_C1"
"ERR2851801Aligned.sortedByCoord.out.bam","E-MTAB-7078:EarlyICM_2_C2"
"ERR2851802Aligned.sortedByCoord.out.bam","E-MTAB-7078:EarlyICM_2_C3"
"ERR2851803Aligned.sortedByCoord.out.bam","E-MTAB-7078:EarlyICM_2_C4"
"ERR2851804Aligned.sortedByCoord.out.bam","E-MTAB-7078:EarlyICM_2_C5"
"ERR2851805Aligned.sortedByCoord.out.bam","E-MTAB-7078:EarlyICM_2_C6"
"ERR2851806Aligned.sortedByCoord.out.bam","E-MTAB-7078:EarlyICM_2_C7"
"ERR2851807Aligned.sortedByCoord.out.bam","E-MTAB-7078:EarlyICM_2_C8"
"ERR2851808Aligned.sortedByCoord.out.bam","E-MTAB-7078:EarlyICM_2_C10"
"ERR2851809Aligned.sortedByCoord.out.bam","E-MTAB-7078:EarlyICM_2_C11"
"ERR2851810Aligned.sortedByCoord.out.bam","E-MTAB-7078:EarlyICM_3_C3"
"ERR2851811Aligned.sortedByCoord.out.bam","E-MTAB-7078:EarlyICM_3_C4"
"ERR2851812Aligned.sortedByCoord.out.bam","E-MTAB-7078:EarlyICM_3_C5"
"ERR2851813Aligned.sortedByCoord.out.bam","E-MTAB-7078:EarlyICM_3_C6"
"ERR2851814Aligned.sortedByCoord.out.bam","E-MTAB-7078:EarlyICM_3_C7"
"ERR2851815Aligned.sortedByCoord.out.bam","E-MTAB-7078:EarlyICM_3_C8"
"ERR2851816Aligned.sortedByCoord.out.bam","E-MTAB-7078:EarlyICM_3_C9"
"ERR2851817Aligned.sortedByCoord.out.bam","E-MTAB-7078:EarlyICM_3_C10"
"ERR2851818Aligned.sortedByCoord.out.bam","E-MTAB-7078:EarlyICM_3_C11"
"ERR2851819Aligned.sortedByCoord.out.bam","E-MTAB-7078:EarlyICM_3_C12"
"ERR2851820Aligned.sortedByCoord.out.bam","E-MTAB-7078:EarlyICM_3_C13"
"ERR2851821Aligned.sortedByCoord.out.bam","E-MTAB-7078:EarlyICM_3_C14"
"ERR2851822Aligned.sortedByCoord.out.bam","E-MTAB-7078:EarlyICM_3_C15"
"ERR2851823Aligned.sortedByCoord.out.bam","E-MTAB-7078:EarlyICM_3_C16"
"ERR2851824Aligned.sortedByCoord.out.bam","E-MTAB-7078:EarlyICM_3_C17"
"ERR2851825Aligned.sortedByCoord.out.bam","E-MTAB-7078:EarlyICM_3_C18"
"ERR2851826Aligned.sortedByCoord.out.bam","E-MTAB-7078:EarlyICM_3_C19"
"ERR2851827Aligned.sortedByCoord.out.bam","E-MTAB-7078:EarlyICM_3_C20"
"ERR2851828Aligned.sortedByCoord.out.bam","E-MTAB-7078:EarlyICM_3_C21"
"ERR2851829Aligned.sortedByCoord.out.bam","E-MTAB-7078:EarlyICM_3_C22"
"ERR2851830Aligned.sortedByCoord.out.bam","E-MTAB-7078:EarlyICM_3_C23"
"ERR2851831Aligned.sortedByCoord.out.bam","E-MTAB-7078:EarlyICM_3_C24"
"ERR2851832Aligned.sortedByCoord.out.bam","E-MTAB-7078:EarlyICM_3_C25"
"ERR2851833Aligned.sortedByCoord.out.bam","E-MTAB-7078:LateICM_2_C1"
"ERR2851834Aligned.sortedByCoord.out.bam","E-MTAB-7078:LateICM_2_C2"
"ERR2851836Aligned.sortedByCoord.out.bam","E-MTAB-7078:LateICM_2_C4"
"ERR2851837Aligned.sortedByCoord.out.bam","E-MTAB-7078:LateICM_2_C6"
"ERR2851838Aligned.sortedByCoord.out.bam","E-MTAB-7078:LateICM_2_C7"
"ERR2851839Aligned.sortedByCoord.out.bam","E-MTAB-7078:LateICM_2_C8"
"ERR2851840Aligned.sortedByCoord.out.bam","E-MTAB-7078:LateICM_2_C9"
"ERR2851841Aligned.sortedByCoord.out.bam","E-MTAB-7078:LateICM_2_C10"
"ERR2851842Aligned.sortedByCoord.out.bam","E-MTAB-7078:LateICM_2_C11"
"ERR2851843Aligned.sortedByCoord.out.bam","E-MTAB-7078:LateICM_2_C12"
"ERR2851844Aligned.sortedByCoord.out.bam","E-MTAB-7078:LateICM_2_C13"
"ERR2851845Aligned.sortedByCoord.out.bam","E-MTAB-7078:LateICM_2_C14"
"ERR2851846Aligned.sortedByCoord.out.bam","E-MTAB-7078:LateICM_2_C15"
"ERR2851847Aligned.sortedByCoord.out.bam","E-MTAB-7078:LateICM_2_C16"
"ERR2851848Aligned.sortedByCoord.out.bam","E-MTAB-7078:LateICM_2_C17"
"ERR2851849Aligned.sortedByCoord.out.bam","E-MTAB-7078:LateICM_2_C18"
"ERR2851850Aligned.sortedByCoord.out.bam","E-MTAB-7078:LateICM_2_C19"
"ERR2851851Aligned.sortedByCoord.out.bam","E-MTAB-7078:LateICM_2_C20"
"ERR2851852Aligned.sortedByCoord.out.bam","E-MTAB-7078:LateICM_2_C21"
"ERR2851853Aligned.sortedByCoord.out.bam","E-MTAB-7078:LateICM_2_C22"
"ERR2851854Aligned.sortedByCoord.out.bam","E-MTAB-7078:LateICM_2_C23"
"ERR2851855Aligned.sortedByCoord.out.bam","E-MTAB-7078:LateICM_2_C24"
"ERR2851856Aligned.sortedByCoord.out.bam","E-MTAB-7078:LateICM_2_C25"
"ERR2851857Aligned.sortedByCoord.out.bam","E-MTAB-7078:LateICM_2_C26"
"ERR2851858Aligned.sortedByCoord.out.bam","E-MTAB-7078:LateICM_2_C27"
"ERR2851859Aligned.sortedByCoord.out.bam","E-MTAB-7078:LateICM_2_C28"
"ERR2851860Aligned.sortedByCoord.out.bam","E-MTAB-7078:LateICM_2_C29"
"ERR2851861Aligned.sortedByCoord.out.bam","E-MTAB-7078:LateICM_2_C30"
"ERR2851862Aligned.sortedByCoord.out.bam","E-MTAB-7078:LateICM_2_C31"
"ERR2851863Aligned.sortedByCoord.out.bam","E-MTAB-7078:LateICM_2_C32"
"ERR2851864Aligned.sortedByCoord.out.bam","E-MTAB-7078:LateICM_2_C33"
"ERR2851865Aligned.sortedByCoord.out.bam","E-MTAB-7078:LateICM_2_C34"
"ERR2851866Aligned.sortedByCoord.out.bam","E-MTAB-7078:LateICM_2_C35"
"ERR2851867Aligned.sortedByCoord.out.bam","E-MTAB-7078:LateICM_2_C36"
"ERR2851868Aligned.sortedByCoord.out.bam","E-MTAB-7078:LateICM_2_C37"
"ERR2851869Aligned.sortedByCoord.out.bam","E-MTAB-7078:LateICM_2_C38"
"ERR2851870Aligned.sortedByCoord.out.bam","E-MTAB-7078:LateICM_2_C39"
"ERR2851871Aligned.sortedByCoord.out.bam","E-MTAB-7078:LateICM_2_C40"
"ERR2851872Aligned.sortedByCoord.out.bam","E-MTAB-7078:LateICM_4_C1"
"ERR2851873Aligned.sortedByCoord.out.bam","E-MTAB-7078:LateICM_4_C2"
"ERR2851874Aligned.sortedByCoord.out.bam","E-MTAB-7078:LateICM_4_C3"
"ERR2851875Aligned.sortedByCoord.out.bam","E-MTAB-7078:LateICM_4_C4"
"ERR2851876Aligned.sortedByCoord.out.bam","E-MTAB-7078:LateICM_4_C5"
"ERR2851877Aligned.sortedByCoord.out.bam","E-MTAB-7078:LateICM_4_C6"
"ERR2851878Aligned.sortedByCoord.out.bam","E-MTAB-7078:LateICM_4_C7"
"ERR2851879Aligned.sortedByCoord.out.bam","E-MTAB-7078:LateICM_4_C8"
"ERR2851880Aligned.sortedByCoord.out.bam","E-MTAB-7078:LateICM_4_C9"
"ERR2851881Aligned.sortedByCoord.out.bam","E-MTAB-7078:LateICM_4_C10"
"ERR2851882Aligned.sortedByCoord.out.bam","E-MTAB-7078:LateICM_4_C11"
"ERR2851883Aligned.sortedByCoord.out.bam","E-MTAB-7078:LateICM_4_C12"
"ERR2851884Aligned.sortedByCoord.out.bam","E-MTAB-7078:LateICM_4_C13"
"ERR2851885Aligned.sortedByCoord.out.bam","E-MTAB-7078:LateICM_4_C14"
"ERR2851886Aligned.sortedByCoord.out.bam","E-MTAB-7078:LateICM_4_C15"
"ERR2851887Aligned.sortedByCoord.out.bam","E-MTAB-7078:LateICM_4_C16"
"ERR2851888Aligned.sortedByCoord.out.bam","E-MTAB-7078:LateICM_4_C17"
"ERR2851889Aligned.sortedByCoord.out.bam","E-MTAB-7078:LateICM_4_C18"
"ERR2851890Aligned.sortedByCoord.out.bam","E-MTAB-7078:LateICM_4_C19"
"ERR2851891Aligned.sortedByCoord.out.bam","E-MTAB-7078:LateICM_4_C20"
"ERR2851892Aligned.sortedByCoord.out.bam","E-MTAB-7078:LateICM_4_C21"
"ERR2851893Aligned.sortedByCoord.out.bam","E-MTAB-7078:LateICM_4_C22"
"ERR2851894Aligned.sortedByCoord.out.bam","E-MTAB-7078:LateICM_4_C23"
"ERR2851895Aligned.sortedByCoord.out.bam","E-MTAB-7078:LateICM_4_C24"
"ERR2851896Aligned.sortedByCoord.out.bam","E-MTAB-7078:LateICM_4_C25"
"ERR2851897Aligned.sortedByCoord.out.bam","E-MTAB-7078:LateICM_4_C26"
"ERR2851898Aligned.sortedByCoord.out.bam","E-MTAB-7078:LateICM_4_C27"
"ERR2851899Aligned.sortedByCoord.out.bam","E-MTAB-7078:LateICM_4_C28"
"ERR2851900Aligned.sortedByCoord.out.bam","E-MTAB-7078:LateICM_4_C29"
"ERR2851901Aligned.sortedByCoord.out.bam","E-MTAB-7078:LateICM_4_C30"
"ERR2851902Aligned.sortedByCoord.out.bam","E-MTAB-7078:LateICM_4_C31"
"ERR2851903Aligned.sortedByCoord.out.bam","E-MTAB-7078:LateICM_4_C32"
"ERR2851904Aligned.sortedByCoord.out.bam","E-MTAB-7078:LateICM_4_C33"
"ERR2851905Aligned.sortedByCoord.out.bam","E-MTAB-7078:LateICM_4_C34"
"ERR2851906Aligned.sortedByCoord.out.bam","E-MTAB-7078:LateICM_4_C35"
"ERR2851907Aligned.sortedByCoord.out.bam","E-MTAB-7078:LateICM_4_C36"
"ERR2851908Aligned.sortedByCoord.out.bam","E-MTAB-7078:LateICM_4_C37"
"ERR2851909Aligned.sortedByCoord.out.bam","E-MTAB-7078:LateICM_4_C38"
"ERR2851910Aligned.sortedByCoord.out.bam","E-MTAB-7078:LateICM_4_C39"
"ERR2851911Aligned.sortedByCoord.out.bam","E-MTAB-7078:LateICM_4_C40"
"X3536STDY8289195Aligned.sortedByCoord.out.bam","190215LBlaA1"
"X3536STDY8289196Aligned.sortedByCoord.out.bam","190215LBlaA2"
"X3536STDY8289197Aligned.sortedByCoord.out.bam","190215LBlaA3"
"X3536STDY8289200Aligned.sortedByCoord.out.bam","190215LBlaA6"
"X3536STDY8289201Aligned.sortedByCoord.out.bam","190215LBlaA7"
"X3536STDY8289202Aligned.sortedByCoord.out.bam","190215LBlaA8"
"X3536STDY8289206Aligned.sortedByCoord.out.bam","190215LBlaB4"
"X3536STDY8289212Aligned.sortedByCoord.out.bam","190215LBlaC2"
"X3536STDY8289213Aligned.sortedByCoord.out.bam","190215LBlaC3"
"X3536STDY8289214Aligned.sortedByCoord.out.bam","190215LBlaC4"
"X3536STDY8289215Aligned.sortedByCoord.out.bam","190215LBlaC5"
"X3536STDY8289216Aligned.sortedByCoord.out.bam","190215LBlaC6"
"X3536STDY8289221Aligned.sortedByCoord.out.bam","190215LBlaD3"
"X3536STDY8289223Aligned.sortedByCoord.out.bam","190215LBlaD5"
"X3536STDY8289224Aligned.sortedByCoord.out.bam","190215LBlaD6"
"X3536STDY8289225Aligned.sortedByCoord.out.bam","190215LBlaD7"
"X3536STDY8289227Aligned.sortedByCoord.out.bam","190215LBlaE1"
"X3536STDY8289228Aligned.sortedByCoord.out.bam","190215LBlaE2"
"X3536STDY8289230Aligned.sortedByCoord.out.bam","190215LBlaE4"
"X3536STDY8289231Aligned.sortedByCoord.out.bam","190215LBlaE5"
"X3536STDY8289232Aligned.sortedByCoord.out.bam","190215LBlaE6"
"X3536STDY8289233Aligned.sortedByCoord.out.bam","190215LBlaE7"
"X3536STDY8289234Aligned.sortedByCoord.out.bam","190215LBlaE8"
"X3536STDY8289235Aligned.sortedByCoord.out.bam","190215LBlaF1"
"X3536STDY8289236Aligned.sortedByCoord.out.bam","190215LBlaF2"
"X3536STDY8289237Aligned.sortedByCoord.out.bam","190215LBlaF3"
"X3536STDY8289238Aligned.sortedByCoord.out.bam","190215LBlaF4"
"X3536STDY8289240Aligned.sortedByCoord.out.bam","190215LBlaF6"
"X3536STDY8289241Aligned.sortedByCoord.out.bam","190215LBlaF7"
"X3536STDY8289242Aligned.sortedByCoord.out.bam","190215LBlaF8"
"X3536STDY8289243Aligned.sortedByCoord.out.bam","190219LBlaA1"
"X3536STDY8289244Aligned.sortedByCoord.out.bam","190219LBlaA2"
"X3536STDY8289245Aligned.sortedByCoord.out.bam","190219LBlaA3"
"X3536STDY8289246Aligned.sortedByCoord.out.bam","190219LBlaA4"
"X3536STDY8289247Aligned.sortedByCoord.out.bam","190219LBlaA5"
"X3536STDY8289249Aligned.sortedByCoord.out.bam","190219LBlaA7"
"X3536STDY8289250Aligned.sortedByCoord.out.bam","190219LBlaA8"
"X3536STDY8289251Aligned.sortedByCoord.out.bam","190219LBlaB1"
"X3536STDY8289253Aligned.sortedByCoord.out.bam","190219LBlaB3"
"X3536STDY8289254Aligned.sortedByCoord.out.bam","190219LBlaB4"
"X3536STDY8289255Aligned.sortedByCoord.out.bam","190219LBlaB5"
"X3536STDY8289256Aligned.sortedByCoord.out.bam","190219LBlaB6"
"X3536STDY8289257Aligned.sortedByCoord.out.bam","190219LBlaB7"
"X3536STDY8289258Aligned.sortedByCoord.out.bam","190219LBlaB8"
"X3536STDY8289259Aligned.sortedByCoord.out.bam","190219LBlaC1"
"X3536STDY8289260Aligned.sortedByCoord.out.bam","190219LBlaC2"
"X3536STDY8289261Aligned.sortedByCoord.out.bam","190219LBlaC3"
"X3536STDY8289262Aligned.sortedByCoord.out.bam","190219LBlaC4"
"X3536STDY8289263Aligned.sortedByCoord.out.bam","190219LBlaC5"
"X3536STDY8289265Aligned.sortedByCoord.out.bam","190219LBlaC7"
"X3536STDY8289266Aligned.sortedByCoord.out.bam","190219LBlaC8"
"X3536STDY8289267Aligned.sortedByCoord.out.bam","190219LBlaD1"
"X3536STDY8289268Aligned.sortedByCoord.out.bam","190219LBlaD2"
"X3536STDY8289270Aligned.sortedByCoord.out.bam","190219LBlaD4"
"X3536STDY8289271Aligned.sortedByCoord.out.bam","190219LBlaD5"
"X3536STDY8289272Aligned.sortedByCoord.out.bam","190219LBlaD6"
"X3536STDY8289273Aligned.sortedByCoord.out.bam","190219LBlaD7"
"X3536STDY8289274Aligned.sortedByCoord.out.bam","190219LBlaD8"
"X3536STDY8289275Aligned.sortedByCoord.out.bam","190219LBlaE1"
"X3536STDY8289276Aligned.sortedByCoord.out.bam","190219LBlaE2"
"X3536STDY8289277Aligned.sortedByCoord.out.bam","190219LBlaE3"
"X3536STDY8289278Aligned.sortedByCoord.out.bam","190219LBlaE4"
"X3536STDY8289279Aligned.sortedByCoord.out.bam","190219LBlaE5"
"X3536STDY8289280Aligned.sortedByCoord.out.bam","190219LBlaE6"
"X3536STDY8289281Aligned.sortedByCoord.out.bam","190219LBlaE7"
"X3536STDY8289282Aligned.sortedByCoord.out.bam","190219LBlaE8"
"X3536STDY8289283Aligned.sortedByCoord.out.bam","190219LBlaF1"
"X3536STDY8289284Aligned.sortedByCoord.out.bam","190219LBlaF2"
"X3536STDY8289285Aligned.sortedByCoord.out.bam","190219LBlaF3"
"X3536STDY8289286Aligned.sortedByCoord.out.bam","190219LBlaF4"
"X3536STDY8289287Aligned.sortedByCoord.out.bam","190219LBlaF5"
"X3536STDY8289288Aligned.sortedByCoord.out.bam","190219LBlaF6"
"X3536STDY8289289Aligned.sortedByCoord.out.bam","190219LBlaF7"
"X3536STDY8612477Aligned.sortedByCoord.out.bam","E15C2_243_Y"
"X3536STDY8612478Aligned.sortedByCoord.out.bam","E15C2_243_AK"
"X3536STDY8612479Aligned.sortedByCoord.out.bam","E15C2_255_A"
"X3536STDY8612480Aligned.sortedByCoord.out.bam","E15C2_255_M"
"X3536STDY8612481Aligned.sortedByCoord.out.bam","E15C2_255_Y"
"X3536STDY8612482Aligned.sortedByCoord.out.bam","E15C2_255_AK"
"X3536STDY8612484Aligned.sortedByCoord.out.bam","E15C2_243_N"
"X3536STDY8612485Aligned.sortedByCoord.out.bam","E15C2_243_Z"
"X3536STDY8612487Aligned.sortedByCoord.out.bam","E15C2_255_B"
"X3536STDY8612489Aligned.sortedByCoord.out.bam","E15C2_255_Z"
"X3536STDY8612490Aligned.sortedByCoord.out.bam","E15C2_255_AL"
"X3536STDY8612491Aligned.sortedByCoord.out.bam","E15C2_243_C"
"X3536STDY8612492Aligned.sortedByCoord.out.bam","E15C2_243_O"
"X3536STDY8612493Aligned.sortedByCoord.out.bam","E15C2_243_AA"
"X3536STDY8612494Aligned.sortedByCoord.out.bam","E15C2_243_AM"
"X3536STDY8612495Aligned.sortedByCoord.out.bam","E15C2_255_C"
"X3536STDY8612497Aligned.sortedByCoord.out.bam","E15C2_255_AA"
"X3536STDY8612498Aligned.sortedByCoord.out.bam","E15C2_255_AM"
"X3536STDY8612499Aligned.sortedByCoord.out.bam","E15C2_243_D"
"X3536STDY8612500Aligned.sortedByCoord.out.bam","E15C2_243_P"
"X3536STDY8612501Aligned.sortedByCoord.out.bam","E15C2_243_AB"
"X3536STDY8612502Aligned.sortedByCoord.out.bam","E15C2_243_AN"
"X3536STDY8612503Aligned.sortedByCoord.out.bam","E15C2_255_D"
"X3536STDY8612504Aligned.sortedByCoord.out.bam","E15C2_255_P"
"X3536STDY8612506Aligned.sortedByCoord.out.bam","E15C2_255_AN"
"X3536STDY8612507Aligned.sortedByCoord.out.bam","E15C2_243_E"
"X3536STDY8612508Aligned.sortedByCoord.out.bam","E15C2_243_Q"
"X3536STDY8612509Aligned.sortedByCoord.out.bam","E15C2_243_AC"
"X3536STDY8612510Aligned.sortedByCoord.out.bam","E15C2_243_AO"
"X3536STDY8612511Aligned.sortedByCoord.out.bam","E15C2_255_E"
"X3536STDY8612512Aligned.sortedByCoord.out.bam","E15C2_255_Q"
"X3536STDY8612514Aligned.sortedByCoord.out.bam","E15C2_255_AO"
"X3536STDY8612515Aligned.sortedByCoord.out.bam","E15C2_243_F"
"X3536STDY8612516Aligned.sortedByCoord.out.bam","E15C2_243_R"
"X3536STDY8612517Aligned.sortedByCoord.out.bam","E15C2_243_AD"
"X3536STDY8612519Aligned.sortedByCoord.out.bam","E15C2_255_F"
"X3536STDY8612520Aligned.sortedByCoord.out.bam","E15C2_255_R"
"X3536STDY8612522Aligned.sortedByCoord.out.bam","E15C2_255_AP"
"X3536STDY8612524Aligned.sortedByCoord.out.bam","E15C2_243_S"
"X3536STDY8612525Aligned.sortedByCoord.out.bam","E15C2_243_AE"
"X3536STDY8612527Aligned.sortedByCoord.out.bam","E15C2_255_G"
"X3536STDY8612528Aligned.sortedByCoord.out.bam","E15C2_255_S"
"X3536STDY8612529Aligned.sortedByCoord.out.bam","E15C2_255_AE"
"X3536STDY8612530Aligned.sortedByCoord.out.bam","E15C2_255_AQ"
"X3536STDY8612531Aligned.sortedByCoord.out.bam","E15C2_243_H"
"X3536STDY8612532Aligned.sortedByCoord.out.bam","E15C2_243_T"
"X3536STDY8612533Aligned.sortedByCoord.out.bam","E15C2_243_AF"
"X3536STDY8612534Aligned.sortedByCoord.out.bam","E15C2_243_AR"
"X3536STDY8612536Aligned.sortedByCoord.out.bam","E15C2_255_T"
"X3536STDY8612537Aligned.sortedByCoord.out.bam","E15C2_255_AF"
"X3536STDY8612539Aligned.sortedByCoord.out.bam","E15C2_243_I"
"X3536STDY8612540Aligned.sortedByCoord.out.bam","E15C2_243_U"
"X3536STDY8612541Aligned.sortedByCoord.out.bam","E15C2_243_AG"
"X3536STDY8612542Aligned.sortedByCoord.out.bam","E15C2_243_AS"
"X3536STDY8612543Aligned.sortedByCoord.out.bam","E15C2_255_I"
"X3536STDY8612544Aligned.sortedByCoord.out.bam","E15C2_255_U"
"X3536STDY8612548Aligned.sortedByCoord.out.bam","E15C2_243_V"
"X3536STDY8612549Aligned.sortedByCoord.out.bam","E15C2_243_AH"
"X3536STDY8612550Aligned.sortedByCoord.out.bam","E15C2_243_AT"
"X3536STDY8612551Aligned.sortedByCoord.out.bam","E15C2_255_J"
"X3536STDY8612552Aligned.sortedByCoord.out.bam","E15C2_255_V"
"X3536STDY8612553Aligned.sortedByCoord.out.bam","E15C2_255_AH"
"X3536STDY8612555Aligned.sortedByCoord.out.bam","E15C2_243_K"
"X3536STDY8612556Aligned.sortedByCoord.out.bam","E15C2_243_W"
"X3536STDY8612557Aligned.sortedByCoord.out.bam","E15C2_243_AI"
"X3536STDY8612558Aligned.sortedByCoord.out.bam","E15C2_243_AU"
"X3536STDY8612560Aligned.sortedByCoord.out.bam","E15C2_255_W"
"X3536STDY8612561Aligned.sortedByCoord.out.bam","E15C2_255_AI"
"X3536STDY8612563Aligned.sortedByCoord.out.bam","E15C2_243_L"
"X3536STDY8612564Aligned.sortedByCoord.out.bam","E15C2_243_X"
"X3536STDY8612565Aligned.sortedByCoord.out.bam","E15C2_243_AJ"
"X3536STDY8612568Aligned.sortedByCoord.out.bam","E15C2_255_X"
"X3536STDY8612569Aligned.sortedByCoord.out.bam","E15C2_255_AJ"
"X3536STDY8652378Aligned.sortedByCoord.out.bam","E15C2_229_A"
"X3536STDY8652379Aligned.sortedByCoord.out.bam","E15C2_229_M"
"X3536STDY8652381Aligned.sortedByCoord.out.bam","E15C2_234_O"
"X3536STDY8652382Aligned.sortedByCoord.out.bam","E15C2_234_AA"
"X3536STDY8652383Aligned.sortedByCoord.out.bam","E15C2_234_AM"
"X3536STDY8652384Aligned.sortedByCoord.out.bam","E15C2_246_C"
"X3536STDY8652385Aligned.sortedByCoord.out.bam","E15C2_246_O"
"X3536STDY8652387Aligned.sortedByCoord.out.bam","E15C2_229_N"
"X3536STDY8652388Aligned.sortedByCoord.out.bam","E15C2_234_D"
"X3536STDY8652389Aligned.sortedByCoord.out.bam","E15C2_234_P"
"X3536STDY8652390Aligned.sortedByCoord.out.bam","E15C2_234_AB"
"X3536STDY8652391Aligned.sortedByCoord.out.bam","E15C2_234_AN"
"X3536STDY8652394Aligned.sortedByCoord.out.bam","E15C2_229_C"
"X3536STDY8652396Aligned.sortedByCoord.out.bam","E15C2_234_E"
"X3536STDY8652397Aligned.sortedByCoord.out.bam","E15C2_234_Q"
"X3536STDY8652399Aligned.sortedByCoord.out.bam","E15C2_234_AO"
"X3536STDY8652401Aligned.sortedByCoord.out.bam","E15C2_246_Q"
"X3536STDY8652402Aligned.sortedByCoord.out.bam","E15C2_229_D"
"X3536STDY8652404Aligned.sortedByCoord.out.bam","E15C2_234_F"
"X3536STDY8652405Aligned.sortedByCoord.out.bam","E15C2_234_R"
"X3536STDY8652406Aligned.sortedByCoord.out.bam","E15C2_234_AD"
"X3536STDY8652407Aligned.sortedByCoord.out.bam","E15C2_234_AP"
"X3536STDY8652408Aligned.sortedByCoord.out.bam","E15C2_246_F"
"X3536STDY8652410Aligned.sortedByCoord.out.bam","E15C2_229_E"
"X3536STDY8652413Aligned.sortedByCoord.out.bam","E15C2_234_S"
"X3536STDY8652414Aligned.sortedByCoord.out.bam","E15C2_234_AE"
"X3536STDY8652416Aligned.sortedByCoord.out.bam","E15C2_246_G"
"X3536STDY8652417Aligned.sortedByCoord.out.bam","E15C2_246_S"
"X3536STDY8652418Aligned.sortedByCoord.out.bam","E15C2_229_F"
"X3536STDY8652420Aligned.sortedByCoord.out.bam","E15C2_234_H"
"X3536STDY8652421Aligned.sortedByCoord.out.bam","E15C2_234_T"
"X3536STDY8652422Aligned.sortedByCoord.out.bam","E15C2_234_AF"
"X3536STDY8652425Aligned.sortedByCoord.out.bam","E15C2_246_T"
"X3536STDY8652429Aligned.sortedByCoord.out.bam","E15C2_234_U"
"X3536STDY8652431Aligned.sortedByCoord.out.bam","E15C2_234_AS"
"X3536STDY8652432Aligned.sortedByCoord.out.bam","E15C2_246_I"
"X3536STDY8652433Aligned.sortedByCoord.out.bam","E15C2_246_U"
"X3536STDY8652434Aligned.sortedByCoord.out.bam","E15C2_229_H"
"X3536STDY8652436Aligned.sortedByCoord.out.bam","E15C2_234_J"
"X3536STDY8652437Aligned.sortedByCoord.out.bam","E15C2_234_V"
"X3536STDY8652438Aligned.sortedByCoord.out.bam","E15C2_234_AH"
"X3536STDY8652439Aligned.sortedByCoord.out.bam","E15C2_234_AT"
"X3536STDY8652440Aligned.sortedByCoord.out.bam","E15C2_246_J"
"X3536STDY8652441Aligned.sortedByCoord.out.bam","E15C2_246_V"
"X3536STDY8652442Aligned.sortedByCoord.out.bam","E15C2_229_I"
"X3536STDY8652444Aligned.sortedByCoord.out.bam","E15C2_234_K"
"X3536STDY8652445Aligned.sortedByCoord.out.bam","E15C2_234_W"
"X3536STDY8652446Aligned.sortedByCoord.out.bam","E15C2_234_AI"
"X3536STDY8652448Aligned.sortedByCoord.out.bam","E15C2_246_K"
"X3536STDY8652449Aligned.sortedByCoord.out.bam","E15C2_246_W"
"X3536STDY8652452Aligned.sortedByCoord.out.bam","E15C2_234_L"
"X3536STDY8652453Aligned.sortedByCoord.out.bam","E15C2_234_X"
"X3536STDY8652455Aligned.sortedByCoord.out.bam","E15C2_234_AV"
"X3536STDY8652457Aligned.sortedByCoord.out.bam","E15C2_246_X"
"X3536STDY8652458Aligned.sortedByCoord.out.bam","E15C2_229_K"
"X3536STDY8652459Aligned.sortedByCoord.out.bam","E15C2_234_A"
"X3536STDY8652460Aligned.sortedByCoord.out.bam","E15C2_234_M"
"X3536STDY8652461Aligned.sortedByCoord.out.bam","E15C2_234_Y"
"X3536STDY8652465Aligned.sortedByCoord.out.bam","E15C2_246_Y"
"X3536STDY8652466Aligned.sortedByCoord.out.bam","E15C2_229_L"
"X3536STDY8652467Aligned.sortedByCoord.out.bam","E15C2_234_B"
"X3536STDY8652468Aligned.sortedByCoord.out.bam","E15C2_234_N"
"X3536STDY8652469Aligned.sortedByCoord.out.bam","E15C2_234_Z"
"X3536STDY8652470Aligned.sortedByCoord.out.bam","E15C2_234_AL"
"X3536STDY8652471Aligned.sortedByCoord.out.bam","E15C2_246_B"
"X3536STDY8652474Aligned.sortedByCoord.out.bam","E15C2_246_AA"
"X3536STDY8652475Aligned.sortedByCoord.out.bam","E15C2_246_AM"
"X3536STDY8652476Aligned.sortedByCoord.out.bam","E15C2_246_AY"
"X3536STDY8652483Aligned.sortedByCoord.out.bam","E15C2_246_AN"
"X3536STDY8652484Aligned.sortedByCoord.out.bam","E15C2_246_AZ"
"X3536STDY8652490Aligned.sortedByCoord.out.bam","E15C2_246_AC"
"X3536STDY8652491Aligned.sortedByCoord.out.bam","E15C2_246_AO"
"X3536STDY8652492Aligned.sortedByCoord.out.bam","E15C2_246_BA"
"X3536STDY8652498Aligned.sortedByCoord.out.bam","E15C2_246_AD"
"X3536STDY8652499Aligned.sortedByCoord.out.bam","E15C2_246_AP"
"X3536STDY8652500Aligned.sortedByCoord.out.bam","E15C2_246_BB"
"X3536STDY8652506Aligned.sortedByCoord.out.bam","E15C2_246_AE"
"X3536STDY8652507Aligned.sortedByCoord.out.bam","E15C2_246_AQ"
"X3536STDY8652514Aligned.sortedByCoord.out.bam","E15C2_246_AF"
"X3536STDY8652515Aligned.sortedByCoord.out.bam","E15C2_246_AR"
"X3536STDY8652522Aligned.sortedByCoord.out.bam","E15C2_246_AG"
"X3536STDY8652523Aligned.sortedByCoord.out.bam","E15C2_246_AS"
"X3536STDY8652530Aligned.sortedByCoord.out.bam","E15C2_246_AH"
"X3536STDY8652538Aligned.sortedByCoord.out.bam","E15C2_246_AI"
"X3536STDY8652539Aligned.sortedByCoord.out.bam","E15C2_246_AU"
"X3536STDY8652546Aligned.sortedByCoord.out.bam","E15C2_246_AJ"
"X3536STDY8652547Aligned.sortedByCoord.out.bam","E15C2_246_AV"
"X3536STDY8652554Aligned.sortedByCoord.out.bam","E15C2_246_AK"
"X3536STDY8652555Aligned.sortedByCoord.out.bam","E15C2_246_AW"
"X3536STDY8652562Aligned.sortedByCoord.out.bam","E15C2_246_AL"
"X3536STDY8652563Aligned.sortedByCoord.out.bam","E15C2_246_AX"
"X3536STDY8494232Aligned.sortedByCoord.out.bam","E15C2_249_AF"
"X3536STDY8494239Aligned.sortedByCoord.out.bam","E15C2_249_U"
"X3536STDY8494240Aligned.sortedByCoord.out.bam","E15C2_249_AG"
"X3536STDY8494247Aligned.sortedByCoord.out.bam","E15C2_249_V"
"X3536STDY8494255Aligned.sortedByCoord.out.bam","E15C2_249_W"
"X3536STDY8494271Aligned.sortedByCoord.out.bam","E15C2_249_Z"
"X3536STDY8494280Aligned.sortedByCoord.out.bam","E15C2_258_C"
"X3536STDY8494288Aligned.sortedByCoord.out.bam","E15C2_258_D"
"X3536STDY8494302Aligned.sortedByCoord.out.bam","E15C2_249_Q"
"X3536STDY8494303Aligned.sortedByCoord.out.bam","E15C2_249_AD"
"X3536STDY8494310Aligned.sortedByCoord.out.bam","E15C2_249_R"
"X3536STDY8494311Aligned.sortedByCoord.out.bam","E15C2_249_Y"
"X3536STDY8494318Aligned.sortedByCoord.out.bam","E15C2_249_S"
"X3536STDY8494335Aligned.sortedByCoord.out.bam","E15C1_223_F"
"X3536STDY8494344Aligned.sortedByCoord.out.bam","E15C1_223_S"
"X3536STDY8494345Aligned.sortedByCoord.out.bam","E15C2_249_G"
"X3536STDY8494351Aligned.sortedByCoord.out.bam","E15C1_223_H"
"X3536STDY8494352Aligned.sortedByCoord.out.bam","E15C1_223_T"
"X3536STDY8494353Aligned.sortedByCoord.out.bam","E15C2_249_H"
"X3536STDY8494359Aligned.sortedByCoord.out.bam","E15C1_223_I"
"X3536STDY8494367Aligned.sortedByCoord.out.bam","E15C1_223_J"
"X3536STDY8494390Aligned.sortedByCoord.out.bam","E15C1_223_A"
"X3536STDY8494391Aligned.sortedByCoord.out.bam","E15C1_223_M"
"X3536STDY8494399Aligned.sortedByCoord.out.bam","E15C1_223_N"
"X3536STDY8494400Aligned.sortedByCoord.out.bam","E15C2_249_B"
"X3536STDY8494417Aligned.sortedByCoord.out.bam","E15C2_249_P"
"X3536STDY8612440Aligned.sortedByCoord.out.bam","E15C2_252_T"
"X3536STDY8612441Aligned.sortedByCoord.out.bam","E15C2_252_AF"
"X3536STDY8612442Aligned.sortedByCoord.out.bam","E15C2_252_AR"
"X3536STDY8612433Aligned.sortedByCoord.out.bam","E15C2_252_AE"
"X3536STDY8612432Aligned.sortedByCoord.out.bam","E15C2_252_S"
"X3536STDY8612386Aligned.sortedByCoord.out.bam","E15C2_252_AK"
"X3536STDY8612387Aligned.sortedByCoord.out.bam","E15C2_240_B"
"X3536STDY8612384Aligned.sortedByCoord.out.bam","E15C2_252_M"
"X3536STDY8612383Aligned.sortedByCoord.out.bam","E15C2_252_A"
"X3536STDY8612385Aligned.sortedByCoord.out.bam","E15C2_252_Y"
"X3536STDY8612430Aligned.sortedByCoord.out.bam","E15C2_240_AQ"
"X3536STDY8612428Aligned.sortedByCoord.out.bam","E15C2_240_S"
"X3536STDY8612388Aligned.sortedByCoord.out.bam","E15C2_240_N"
"X3536STDY8612454Aligned.sortedByCoord.out.bam","E15C2_240_AT"
"X3536STDY8612453Aligned.sortedByCoord.out.bam","E15C2_240_AH"
"X3536STDY8612401Aligned.sortedByCoord.out.bam","E15C2_252_AA"
"X3536STDY8612400Aligned.sortedByCoord.out.bam","E15C2_252_O"
"X3536STDY8612397Aligned.sortedByCoord.out.bam","E15C2_240_AA"
"X3536STDY8612396Aligned.sortedByCoord.out.bam","E15C2_240_O"
"X3536STDY8612395Aligned.sortedByCoord.out.bam","E15C2_240_C"
"X3536STDY8612393Aligned.sortedByCoord.out.bam","E15C2_252_Z"
"X3536STDY8612392Aligned.sortedByCoord.out.bam","E15C2_252_N"
"X3536STDY8612390Aligned.sortedByCoord.out.bam","E15C2_240_AL"
"X3536STDY8612382Aligned.sortedByCoord.out.bam","E15C2_240_AK"
"X3536STDY8612379Aligned.sortedByCoord.out.bam","E15C2_240_A"
"X3536STDY8612381Aligned.sortedByCoord.out.bam","E15C2_240_Y"
"X3536STDY8612472Aligned.sortedByCoord.out.bam","E15C2_252_X"
"X3536STDY8612471Aligned.sortedByCoord.out.bam","E15C2_252_L"
"X3536STDY8612469Aligned.sortedByCoord.out.bam","E15C2_240_AJ"
"X3536STDY8612464Aligned.sortedByCoord.out.bam","E15C2_252_W"
"X3536STDY8612460Aligned.sortedByCoord.out.bam","E15C2_240_W"
"X3536STDY8612461Aligned.sortedByCoord.out.bam","E15C2_240_AI"
"X3536STDY8612459Aligned.sortedByCoord.out.bam","E15C2_240_K"
"X3536STDY8612456Aligned.sortedByCoord.out.bam","E15C2_252_V"
"X3536STDY8612448Aligned.sortedByCoord.out.bam","E15C2_252_U"
"X3536STDY8612445Aligned.sortedByCoord.out.bam","E15C2_240_AG"
"X3536STDY8612436Aligned.sortedByCoord.out.bam","E15C2_240_T"
"X3536STDY8612435Aligned.sortedByCoord.out.bam","E15C2_240_H"
"X3536STDY8612434Aligned.sortedByCoord.out.bam","E15C2_252_AQ"
"X3536STDY8612427Aligned.sortedByCoord.out.bam","E15C2_240_G"
"X3536STDY8612425Aligned.sortedByCoord.out.bam","E15C2_252_AD"
"X3536STDY8612424Aligned.sortedByCoord.out.bam","E15C2_252_R"
"X3536STDY8612421Aligned.sortedByCoord.out.bam","E15C2_240_AD"
"X3536STDY8612420Aligned.sortedByCoord.out.bam","E15C2_240_R"
"X3536STDY8612418Aligned.sortedByCoord.out.bam","E15C2_252_AO"
"X3536STDY8612417Aligned.sortedByCoord.out.bam","E15C2_252_AC"
"X3536STDY8612416Aligned.sortedByCoord.out.bam","E15C2_252_Q"
"X3536STDY8612414Aligned.sortedByCoord.out.bam","E15C2_240_AO"
"X3536STDY8612413Aligned.sortedByCoord.out.bam","E15C2_240_AC"
"X3536STDY8612412Aligned.sortedByCoord.out.bam","E15C2_240_Q"
"X3536STDY8612411Aligned.sortedByCoord.out.bam","E15C2_240_E"
"X3536STDY8612410Aligned.sortedByCoord.out.bam","E15C2_252_AN"
"X3536STDY8612409Aligned.sortedByCoord.out.bam","E15C2_252_AB"
"X3536STDY8612408Aligned.sortedByCoord.out.bam","E15C2_252_P"
"X3536STDY8612405Aligned.sortedByCoord.out.bam","E15C2_240_AB"
"X3536STDY8612406Aligned.sortedByCoord.out.bam","E15C2_240_AN"
"X3536STDY8612404Aligned.sortedByCoord.out.bam","E15C2_240_P"
"CME25A7619454Aligned.sortedByCoord.out.bam","E25B_48_AJ"
"CME25A7619453Aligned.sortedByCoord.out.bam","E25B_48_X"
"CME25A7619452Aligned.sortedByCoord.out.bam","E25B_48_L"
"CME25A7619444Aligned.sortedByCoord.out.bam","E25B_48_K"
"CME25A7619446Aligned.sortedByCoord.out.bam","E25B_48_AI"
"CME25A7619447Aligned.sortedByCoord.out.bam","E25B_59_H"
"CME25A7619439Aligned.sortedByCoord.out.bam","E25B_59_G"
"CME25A7619436Aligned.sortedByCoord.out.bam","E25B_48_J"
"CME25A7619437Aligned.sortedByCoord.out.bam","E25B_48_V"
"CME25A7619429Aligned.sortedByCoord.out.bam","E25B_48_U"
"CME25A7619428Aligned.sortedByCoord.out.bam","E25B_48_I"
"CME25A7619422Aligned.sortedByCoord.out.bam","E25B_48_AF"
"CME25A7619420Aligned.sortedByCoord.out.bam","E25B_48_H"
"CME25A7619421Aligned.sortedByCoord.out.bam","E25B_48_T"
"CME25A7619415Aligned.sortedByCoord.out.bam","E25B_59_D"
"CME25A7619414Aligned.sortedByCoord.out.bam","E25B_48_AE"
"CME25A7619413Aligned.sortedByCoord.out.bam","E25B_48_S"
"CME25A7619412Aligned.sortedByCoord.out.bam","E25B_48_G"
"CME25A7619407Aligned.sortedByCoord.out.bam","E25B_59_C"
"CME25A7619406Aligned.sortedByCoord.out.bam","E25B_48_AD"
"CME25A7619404Aligned.sortedByCoord.out.bam","E25B_48_F"
"CME25A7619396Aligned.sortedByCoord.out.bam","E25B_48_E"
"CME25A7619398Aligned.sortedByCoord.out.bam","E25B_48_AC"
"CME25A7619390Aligned.sortedByCoord.out.bam","E25B_48_AB"
"CME25A7619391Aligned.sortedByCoord.out.bam","E25B_59_A"
"CME25A7619389Aligned.sortedByCoord.out.bam","E25B_48_P"
"CME25A7619388Aligned.sortedByCoord.out.bam","E25B_48_D"
"CME25A7619383Aligned.sortedByCoord.out.bam","E25B_48_AM"
"CME25A7619374Aligned.sortedByCoord.out.bam","E25B_48_Z"
"CME25A7619380Aligned.sortedByCoord.out.bam","E25B_48_C"
"CME25A7619375Aligned.sortedByCoord.out.bam","E25B_48_AL"
"CME25A7619366Aligned.sortedByCoord.out.bam","E25B_48_Y"
"CME25A7619364Aligned.sortedByCoord.out.bam","E25B_48_A"
"CME25A7619367Aligned.sortedByCoord.out.bam","E25B_48_AK"
"CME25A7587397Aligned.sortedByCoord.out.bam","E25A_161_X"
"CME25A7587396Aligned.sortedByCoord.out.bam","E25A_161_L"
"CME25A7587392Aligned.sortedByCoord.out.bam","E25A_166_AB"
"CME25A7587394Aligned.sortedByCoord.out.bam","E25A_169_R"
"CME25A7587393Aligned.sortedByCoord.out.bam","E25A_169_F"
"CME25A7587395Aligned.sortedByCoord.out.bam","E25A_169_AD"
"CME25A7587388Aligned.sortedByCoord.out.bam","E25A_161_K"
"CME25A7587389Aligned.sortedByCoord.out.bam","E25A_161_W"
"CME25A7587385Aligned.sortedByCoord.out.bam","E25A_169_E"
"CME25A7587387Aligned.sortedByCoord.out.bam","E25A_169_AC"
"CME25A7587381Aligned.sortedByCoord.out.bam","E25A_161_V"
"CME25A7587382Aligned.sortedByCoord.out.bam","E25A_166_C"
"CME25A7587377Aligned.sortedByCoord.out.bam","E25A_169_D"
"CME25A7587384Aligned.sortedByCoord.out.bam","E25A_166_AA"
"CME25A7587379Aligned.sortedByCoord.out.bam","E25A_169_AB"
"CME25A7587375Aligned.sortedByCoord.out.bam","E25A_166_N"
"CME25A7587373Aligned.sortedByCoord.out.bam","E25A_161_U"
"CME25A7587370Aligned.sortedByCoord.out.bam","E25A_169_O"
"CME25A7587372Aligned.sortedByCoord.out.bam","E25A_161_I"
"CME25A7587371Aligned.sortedByCoord.out.bam","E25A_169_AA"
"CME25A7587362Aligned.sortedByCoord.out.bam","E25A_169_N"
"CME25A7587367Aligned.sortedByCoord.out.bam","E25A_166_M"
"CME25A7587361Aligned.sortedByCoord.out.bam","E25A_169_B"
"CME25A7587365Aligned.sortedByCoord.out.bam","E25A_161_T"
"CME25A7587364Aligned.sortedByCoord.out.bam","E25A_161_H"
"CME25A7587360Aligned.sortedByCoord.out.bam","E25A_166_X"
"CME25A7587359Aligned.sortedByCoord.out.bam","E25A_166_L"
"CME25A7587354Aligned.sortedByCoord.out.bam","E25A_169_M"
"CME25A7587352Aligned.sortedByCoord.out.bam","E25A_166_W"
"CME25A7587353Aligned.sortedByCoord.out.bam","E25A_169_A"
"CME25A7587357Aligned.sortedByCoord.out.bam","E25A_161_S"
"CME25A7587346Aligned.sortedByCoord.out.bam","E25A_169_L"
"CME25A7587348Aligned.sortedByCoord.out.bam","E25A_161_F"
"CME25A7587349Aligned.sortedByCoord.out.bam","E25A_161_R"
"CME25A7587345Aligned.sortedByCoord.out.bam","E25A_166_AH"
"CME25A7587347Aligned.sortedByCoord.out.bam","E25A_169_X"
"CME25A7587343Aligned.sortedByCoord.out.bam","E25A_166_J"
"CME25A7587342Aligned.sortedByCoord.out.bam","E25A_161_AC"
"CME25A7587341Aligned.sortedByCoord.out.bam","E25A_161_Q"
"CME25A7587339Aligned.sortedByCoord.out.bam","E25A_169_W"
"CME25A7587338Aligned.sortedByCoord.out.bam","E25A_169_K"
"CME25A7587335Aligned.sortedByCoord.out.bam","E25A_166_I"
"CME25A7587331Aligned.sortedByCoord.out.bam","E25A_169_V"
"CME25A7587334Aligned.sortedByCoord.out.bam","E25A_161_AB"
"CME25A7587330Aligned.sortedByCoord.out.bam","E25A_169_J"
"CME25A7587333Aligned.sortedByCoord.out.bam","E25A_161_P"
"CME25A7587329Aligned.sortedByCoord.out.bam","E25A_166_AF"
"CME25A7587332Aligned.sortedByCoord.out.bam","E25A_161_D"
"CME25A7587323Aligned.sortedByCoord.out.bam","E25A_169_U"
"CME25A7587324Aligned.sortedByCoord.out.bam","E25A_161_C"
"CME25A7587326Aligned.sortedByCoord.out.bam","E25A_161_AA"
"CME25A7587325Aligned.sortedByCoord.out.bam","E25A_161_O"
"CME25A7587321Aligned.sortedByCoord.out.bam","E25A_166_AE"
"CME25A7587314Aligned.sortedByCoord.out.bam","E25A_169_H"
"CME25A7587322Aligned.sortedByCoord.out.bam","E25A_169_I"
"CME25A7587319Aligned.sortedByCoord.out.bam","E25A_166_G"
"CME25A7587318Aligned.sortedByCoord.out.bam","E25A_161_Z"
"CME25A7587315Aligned.sortedByCoord.out.bam","E25A_169_T"
"CME25A7587313Aligned.sortedByCoord.out.bam","E25A_166_AD"
"CME25A7587316Aligned.sortedByCoord.out.bam","E25A_161_B"
"CME25A7587312Aligned.sortedByCoord.out.bam","E25A_166_R"
"CME25A7587311Aligned.sortedByCoord.out.bam","E25A_166_F"
"CME25A7587310Aligned.sortedByCoord.out.bam","E25A_161_Y"
"CME25A7587307Aligned.sortedByCoord.out.bam","E25A_201_AH"
"CME25A7587308Aligned.sortedByCoord.out.bam","E25A_161_A"
"CME25A7587305Aligned.sortedByCoord.out.bam","E25A_201_J"
"CME25A7587306Aligned.sortedByCoord.out.bam","E25A_201_V"
"CME25A7587300Aligned.sortedByCoord.out.bam","E25A_193_L"
"CME25A7587299Aligned.sortedByCoord.out.bam","E25A_201_AG"
"CME25A7587302Aligned.sortedByCoord.out.bam","E25A_195_B"
"CME25A7587301Aligned.sortedByCoord.out.bam","E25A_193_X"
"CME25A7587298Aligned.sortedByCoord.out.bam","E25A_201_U"
"CME25A7587297Aligned.sortedByCoord.out.bam","E25A_201_I"
"CME25A7587295Aligned.sortedByCoord.out.bam","E25A_195_M"
"CME25A7587293Aligned.sortedByCoord.out.bam","E25A_193_W"
"CME25A7587294Aligned.sortedByCoord.out.bam","E25A_195_A"
"CME25A7587296Aligned.sortedByCoord.out.bam","E25A_195_Y"
"CME25A7587291Aligned.sortedByCoord.out.bam","E25A_201_AF"
"CME25A7587288Aligned.sortedByCoord.out.bam","E25A_195_X"
"CME25A7587290Aligned.sortedByCoord.out.bam","E25A_201_T"
"CME25A7587284Aligned.sortedByCoord.out.bam","E25A_193_J"
"CME25A7587283Aligned.sortedByCoord.out.bam","E25A_201_AE"
"CME25A7587287Aligned.sortedByCoord.out.bam","E25A_195_L"
"CME25A7587286Aligned.sortedByCoord.out.bam","E25A_193_AH"
"CME25A7587285Aligned.sortedByCoord.out.bam","E25A_193_V"
"CME25A7587282Aligned.sortedByCoord.out.bam","E25A_201_S"
"CME25A7587280Aligned.sortedByCoord.out.bam","E25A_195_W"
"CME25A7587279Aligned.sortedByCoord.out.bam","E25A_195_K"
"CME25A7587275Aligned.sortedByCoord.out.bam","E25A_201_AD"
"CME25A7587278Aligned.sortedByCoord.out.bam","E25A_193_AG"
"CME25A7587274Aligned.sortedByCoord.out.bam","E25A_201_R"
"CME25A7587265Aligned.sortedByCoord.out.bam","E25A_201_E"
"CME25A7587270Aligned.sortedByCoord.out.bam","E25A_193_AF"
"CME25A7587267Aligned.sortedByCoord.out.bam","E25A_201_AC"
"CME25A7587261Aligned.sortedByCoord.out.bam","E25A_193_S"
"CME25A7587264Aligned.sortedByCoord.out.bam","E25A_195_U"
"CME25A7587269Aligned.sortedByCoord.out.bam","E25A_193_T"
"CME25A7587268Aligned.sortedByCoord.out.bam","E25A_193_H"
"CME25A7587266Aligned.sortedByCoord.out.bam","E25A_201_Q"
"CME25A7587263Aligned.sortedByCoord.out.bam","E25A_195_I"
"CME25A7587260Aligned.sortedByCoord.out.bam","E25A_193_G"
"CME25A7587259Aligned.sortedByCoord.out.bam","E25A_201_AB"
"CME25A7587255Aligned.sortedByCoord.out.bam","E25A_195_H"
"CME25A7587257Aligned.sortedByCoord.out.bam","E25A_201_D"
"CME25A7587258Aligned.sortedByCoord.out.bam","E25A_201_P"
"CME25A7587256Aligned.sortedByCoord.out.bam","E25A_195_T"
"CME25A7587252Aligned.sortedByCoord.out.bam","E25A_193_F"
"CME25A7587251Aligned.sortedByCoord.out.bam","E25A_201_AA"
"CME25A7587248Aligned.sortedByCoord.out.bam","E25A_195_S"
"CME25A7587249Aligned.sortedByCoord.out.bam","E25A_201_C"
"CME25A7587250Aligned.sortedByCoord.out.bam","E25A_201_O"
"CME25A7587242Aligned.sortedByCoord.out.bam","E25A_201_N"
"CME25A7587244Aligned.sortedByCoord.out.bam","E25A_193_E"
"CME25A7587240Aligned.sortedByCoord.out.bam","E25A_195_R"
"CME25A7587247Aligned.sortedByCoord.out.bam","E25A_195_G"
"CME25A7587246Aligned.sortedByCoord.out.bam","E25A_193_AC"
"CME25A7587245Aligned.sortedByCoord.out.bam","E25A_193_Q"
"CME25A7587218Aligned.sortedByCoord.out.bam","E25A_201_K"
"CME25A7587227Aligned.sortedByCoord.out.bam","E25A_201_X"
"CME25A7587230Aligned.sortedByCoord.out.bam","E25A_193_AA"
"CME25A7587228Aligned.sortedByCoord.out.bam","E25A_193_C"
"CME25A7587232Aligned.sortedByCoord.out.bam","E25A_195_Q"
"CME25A7587237Aligned.sortedByCoord.out.bam","E25A_193_P"
"CME25A7587236Aligned.sortedByCoord.out.bam","E25A_193_D"
"CME25A7587234Aligned.sortedByCoord.out.bam","E25A_201_M"
"CME25A7587235Aligned.sortedByCoord.out.bam","E25A_201_Y"
"CME25A7587226Aligned.sortedByCoord.out.bam","E25A_201_L"
"CME25A7587225Aligned.sortedByCoord.out.bam","E25A_195_AB"
"CME25A7587223Aligned.sortedByCoord.out.bam","E25A_195_D"
"CME25A7587224Aligned.sortedByCoord.out.bam","E25A_195_P"
"CME25A7587222Aligned.sortedByCoord.out.bam","E25A_193_Z"
"CME25A7587217Aligned.sortedByCoord.out.bam","E25A_195_AA"
"CME25A7587220Aligned.sortedByCoord.out.bam","E25A_193_B"
"CME25A7587219Aligned.sortedByCoord.out.bam","E25A_201_W"
"CME25A7587216Aligned.sortedByCoord.out.bam","E25A_195_O"
"CME25A7587215Aligned.sortedByCoord.out.bam","E25A_195_C"
"CME25A7587214Aligned.sortedByCoord.out.bam","E25A_193_Y"
"CME25A7587213Aligned.sortedByCoord.out.bam","E25A_193_M"
"SLX.16564.i715_i511.HWCLLBBXX.s_8.rAligned.sortedByCoord.out.bam","E25A_190_T"
"SLX.16564.i715_i503.HWCLLBBXX.s_8.rAligned.sortedByCoord.out.bam","E25A_180_H"
"SLX.16564.i715_i507.HWCLLBBXX.s_8.rAligned.sortedByCoord.out.bam","E25A_184_R"
"SLX.16564.i715_i502.HWCLLBBXX.s_8.rAligned.sortedByCoord.out.bam","E25A_174_D"
"SLX.16564.i715_i505.HWCLLBBXX.s_8.rAligned.sortedByCoord.out.bam","E25A_180_T"
"SLX.16564.i714_i511.HWCLLBBXX.s_8.rAligned.sortedByCoord.out.bam","E25A_190_S"
"SLX.16564.i714_i510.HWCLLBBXX.s_8.rAligned.sortedByCoord.out.bam","E25A_190_G"
"SLX.16564.i714_i503.HWCLLBBXX.s_8.rAligned.sortedByCoord.out.bam","E25A_180_G"
"SLX.16564.i714_i508.HWCLLBBXX.s_8.rAligned.sortedByCoord.out.bam","E25A_184_AC"
"SLX.16564.i714_i507.HWCLLBBXX.s_8.rAligned.sortedByCoord.out.bam","E25A_184_Q"
"SLX.16564.i714_i505.HWCLLBBXX.s_8.rAligned.sortedByCoord.out.bam","E25A_180_S"
"SLX.16564.i714_i506.HWCLLBBXX.s_8.rAligned.sortedByCoord.out.bam","E25A_184_E"
"SLX.16564.i714_i502.HWCLLBBXX.s_8.rAligned.sortedByCoord.out.bam","E25A_174_C"
"SLX.16564.i712_i511.HWCLLBBXX.s_8.rAligned.sortedByCoord.out.bam","E25A_190_R"
"SLX.16564.i712_i503.HWCLLBBXX.s_8.rAligned.sortedByCoord.out.bam","E25A_180_F"
"SLX.16564.i712_i507.HWCLLBBXX.s_8.rAligned.sortedByCoord.out.bam","E25A_184_P"
"SLX.16564.i712_i506.HWCLLBBXX.s_8.rAligned.sortedByCoord.out.bam","E25A_184_D"
"SLX.16564.i712_i502.HWCLLBBXX.s_8.rAligned.sortedByCoord.out.bam","E25A_174_B"
"SLX.16564.i712_i505.HWCLLBBXX.s_8.rAligned.sortedByCoord.out.bam","E25A_180_R"
"SLX.16564.i712_i510.HWCLLBBXX.s_8.rAligned.sortedByCoord.out.bam","E25A_190_F"
"SLX.16564.i711_i511.HWCLLBBXX.s_8.rAligned.sortedByCoord.out.bam","E25A_190_Q"
"SLX.16564.i711_i503.HWCLLBBXX.s_8.rAligned.sortedByCoord.out.bam","E25A_180_E"
"SLX.16564.i711_i507.HWCLLBBXX.s_8.rAligned.sortedByCoord.out.bam","E25A_184_O"
"SLX.16564.i711_i506.HWCLLBBXX.s_8.rAligned.sortedByCoord.out.bam","E25A_184_C"
"SLX.16564.i711_i508.HWCLLBBXX.s_8.rAligned.sortedByCoord.out.bam","E25A_184_AA"
"SLX.16564.i711_i505.HWCLLBBXX.s_8.rAligned.sortedByCoord.out.bam","E25A_180_Q"
"SLX.16564.i711_i502.HWCLLBBXX.s_8.rAligned.sortedByCoord.out.bam","E25A_174_A"
"SLX.16564.i710_i511.HWCLLBBXX.s_8.rAligned.sortedByCoord.out.bam","E25A_190_P"
"SLX.16564.i710_i510.HWCLLBBXX.s_8.rAligned.sortedByCoord.out.bam","E25A_190_D"
"SLX.16564.i710_i507.HWCLLBBXX.s_8.rAligned.sortedByCoord.out.bam","E25A_184_N"
"SLX.16564.i710_i506.HWCLLBBXX.s_8.rAligned.sortedByCoord.out.bam","E25A_184_B"
"SLX.16564.i707_i506.HWCLLBBXX.s_8.rAligned.sortedByCoord.out.bam","E25A_184_A"
"SLX.16564.i707_i511.HWCLLBBXX.s_8.rAligned.sortedByCoord.out.bam","E25A_190_O"
"SLX.16564.i707_i505.HWCLLBBXX.s_8.rAligned.sortedByCoord.out.bam","E25A_180_O"
"SLX.16564.i710_i502.HWCLLBBXX.s_8.rAligned.sortedByCoord.out.bam","E25A_169_AM"
"SLX.16564.i707_i507.HWCLLBBXX.s_8.rAligned.sortedByCoord.out.bam","E25A_184_M"
"SLX.16564.i707_i503.HWCLLBBXX.s_8.rAligned.sortedByCoord.out.bam","E25A_180_C"
"SLX.16564.i710_i503.HWCLLBBXX.s_8.rAligned.sortedByCoord.out.bam","E25A_180_D"
"SLX.16564.i707_i510.HWCLLBBXX.s_8.rAligned.sortedByCoord.out.bam","E25A_190_C"
"SLX.16564.i707_i508.HWCLLBBXX.s_8.rAligned.sortedByCoord.out.bam","E25A_184_Y"
"SLX.16564.i707_i502.HWCLLBBXX.s_8.rAligned.sortedByCoord.out.bam","E25A_169_AL"
"SLX.16564.i706_i511.HWCLLBBXX.s_8.rAligned.sortedByCoord.out.bam","E25A_190_N"
"SLX.16564.i706_i506.HWCLLBBXX.s_8.rAligned.sortedByCoord.out.bam","E25A_180_Z"
"SLX.16564.i706_i510.HWCLLBBXX.s_8.rAligned.sortedByCoord.out.bam","E25A_190_B"
"SLX.16564.i706_i508.HWCLLBBXX.s_8.rAligned.sortedByCoord.out.bam","E25A_184_X"
"SLX.16564.i706_i505.HWCLLBBXX.s_8.rAligned.sortedByCoord.out.bam","E25A_180_N"
"SLX.16564.i706_i503.HWCLLBBXX.s_8.rAligned.sortedByCoord.out.bam","E25A_180_B"
"SLX.16564.i705_i503.HWCLLBBXX.s_8.rAligned.sortedByCoord.out.bam","E25A_180_A"
"SLX.16564.i705_i506.HWCLLBBXX.s_8.rAligned.sortedByCoord.out.bam","E25A_180_Y"
"SLX.16564.i705_i502.HWCLLBBXX.s_8.rAligned.sortedByCoord.out.bam","E25A_169_AJ"
"SLX.16564.i704_i510.HWCLLBBXX.s_8.rAligned.sortedByCoord.out.bam","E25A_184_AH"
"SLX.16564.i704_i508.HWCLLBBXX.s_8.rAligned.sortedByCoord.out.bam","E25A_184_V"
"SLX.16564.i704_i503.HWCLLBBXX.s_8.rAligned.sortedByCoord.out.bam","E25A_174_H"
"SLX.16564.i704_i505.HWCLLBBXX.s_8.rAligned.sortedByCoord.out.bam","E25A_180_L"
"SLX.16564.i703_i510.HWCLLBBXX.s_8.rAligned.sortedByCoord.out.bam","E25A_184_AG"
"SLX.16564.i704_i502.HWCLLBBXX.s_8.rAligned.sortedByCoord.out.bam","E25A_169_AI"
"SLX.16564.i703_i508.HWCLLBBXX.s_8.rAligned.sortedByCoord.out.bam","E25A_184_U"
"SLX.16564.i703_i503.HWCLLBBXX.s_8.rAligned.sortedByCoord.out.bam","E25A_174_G"
"SLX.16564.i703_i505.HWCLLBBXX.s_8.rAligned.sortedByCoord.out.bam","E25A_180_K"
"SLX.16564.i702_i511.HWCLLBBXX.s_8.rAligned.sortedByCoord.out.bam","E25A_190_J"
"SLX.16564.i703_i502.HWCLLBBXX.s_8.rAligned.sortedByCoord.out.bam","E25A_169_AH"
"SLX.16564.i701_i503.HWCLLBBXX.s_8.rAligned.sortedByCoord.out.bam","E25A_174_E"
"SLX.16564.i702_i508.HWCLLBBXX.s_8.rAligned.sortedByCoord.out.bam","E25A_184_T"
"SLX.16564.i701_i502.HWCLLBBXX.s_8.rAligned.sortedByCoord.out.bam","E25A_169_AF"
"SLX.16564.i701_i505.HWCLLBBXX.s_8.rAligned.sortedByCoord.out.bam","E25A_180_I"
"SLX.16564.i701_i508.HWCLLBBXX.s_8.rAligned.sortedByCoord.out.bam","E25A_184_S"
"SLX.16564.i702_i505.HWCLLBBXX.s_8.rAligned.sortedByCoord.out.bam","E25A_180_J"
"X3536STDY8652478Aligned.sortedByCoord.out.bam","E25B_59_T"
"X3536STDY8652479Aligned.sortedByCoord.out.bam","E25B_59_AF"
"X3536STDY8652485Aligned.sortedByCoord.out.bam","E25B_50_AO"
"X3536STDY8652486Aligned.sortedByCoord.out.bam","E25B_59_U"
"X3536STDY8652493Aligned.sortedByCoord.out.bam","E25B_59_J"
"X3536STDY8652494Aligned.sortedByCoord.out.bam","E25B_59_V"
"X3536STDY8652501Aligned.sortedByCoord.out.bam","E25B_59_K"
"X3536STDY8652502Aligned.sortedByCoord.out.bam","E25B_59_W"
"X3536STDY8652510Aligned.sortedByCoord.out.bam","E25B_59_X"
"X3536STDY8652511Aligned.sortedByCoord.out.bam","E25B_59_AJ"
"X3536STDY8652516Aligned.sortedByCoord.out.bam","E25B_50_AG"
"X3536STDY8652517Aligned.sortedByCoord.out.bam","E25B_59_M"
"X3536STDY8652518Aligned.sortedByCoord.out.bam","E25B_59_Y"
"X3536STDY8652519Aligned.sortedByCoord.out.bam","E25B_59_AK"
"X3536STDY8652524Aligned.sortedByCoord.out.bam","E25B_50_AH"
"X3536STDY8652526Aligned.sortedByCoord.out.bam","E25B_59_Z"
"X3536STDY8652527Aligned.sortedByCoord.out.bam","E25B_59_AL"
"X3536STDY8652532Aligned.sortedByCoord.out.bam","E25B_50_AI"
"X3536STDY8652533Aligned.sortedByCoord.out.bam","E25B_59_O"
"X3536STDY8652534Aligned.sortedByCoord.out.bam","E25B_59_AA"
"X3536STDY8652541Aligned.sortedByCoord.out.bam","E25B_59_P"
"X3536STDY8652542Aligned.sortedByCoord.out.bam","E25B_59_AB"
"X3536STDY8652548Aligned.sortedByCoord.out.bam","E25B_50_AK"
"X3536STDY8652549Aligned.sortedByCoord.out.bam","E25B_59_Q"
"X3536STDY8652550Aligned.sortedByCoord.out.bam","E25B_59_AC"
"X3536STDY8652556Aligned.sortedByCoord.out.bam","E25B_50_AL"
"X3536STDY8652557Aligned.sortedByCoord.out.bam","E25B_59_R"
"X3536STDY8652558Aligned.sortedByCoord.out.bam","E25B_59_AD"
"X3536STDY8652559Aligned.sortedByCoord.out.bam","E25B_59_AP"
"X3536STDY8652564Aligned.sortedByCoord.out.bam","E25B_50_AM"
"X3536STDY8652565Aligned.sortedByCoord.out.bam","E25B_59_S"
"X3536STDY8652566Aligned.sortedByCoord.out.bam","E25B_59_AE"
"X3536STDY8652567Aligned.sortedByCoord.out.bam","E25B_59_AQ"
"X3536STDY8494228Aligned.sortedByCoord.out.bam","E25B_37_Y"
"X3536STDY8494229Aligned.sortedByCoord.out.bam","E25B_50_K"
"X3536STDY8494230Aligned.sortedByCoord.out.bam","E25B_50_W"
"X3536STDY8494233Aligned.sortedByCoord.out.bam","E25A_138_C"
"X3536STDY8494235Aligned.sortedByCoord.out.bam","E25B_37_N"
"X3536STDY8494237Aligned.sortedByCoord.out.bam","E25B_50_L"
"X3536STDY8494238Aligned.sortedByCoord.out.bam","E25B_50_X"
"X3536STDY8494242Aligned.sortedByCoord.out.bam","E25B_37_C"
"X3536STDY8494243Aligned.sortedByCoord.out.bam","E25B_37_O"
"X3536STDY8494246Aligned.sortedByCoord.out.bam","E25B_50_Y"
"X3536STDY8494249Aligned.sortedByCoord.out.bam","E25A_138_E"
"X3536STDY8494250Aligned.sortedByCoord.out.bam","E25B_37_D"
"X3536STDY8494251Aligned.sortedByCoord.out.bam","E25B_37_P"
"X3536STDY8494253Aligned.sortedByCoord.out.bam","E25B_50_N"
"X3536STDY8494254Aligned.sortedByCoord.out.bam","E25B_50_Z"
"X3536STDY8494257Aligned.sortedByCoord.out.bam","E25A_138_F"
"X3536STDY8494259Aligned.sortedByCoord.out.bam","E25B_37_Q"
"X3536STDY8494261Aligned.sortedByCoord.out.bam","E25B_50_O"
"X3536STDY8494266Aligned.sortedByCoord.out.bam","E25B_37_F"
"X3536STDY8494267Aligned.sortedByCoord.out.bam","E25B_37_R"
"X3536STDY8494268Aligned.sortedByCoord.out.bam","E25B_50_D"
"X3536STDY8494274Aligned.sortedByCoord.out.bam","E25B_37_G"
"X3536STDY8494275Aligned.sortedByCoord.out.bam","E25B_37_S"
"X3536STDY8494277Aligned.sortedByCoord.out.bam","E25B_50_Q"
"X3536STDY8494282Aligned.sortedByCoord.out.bam","E25B_37_H"
"X3536STDY8494283Aligned.sortedByCoord.out.bam","E25B_37_T"
"X3536STDY8494285Aligned.sortedByCoord.out.bam","E25B_50_R"
"X3536STDY8494290Aligned.sortedByCoord.out.bam","E25B_37_I"
"X3536STDY8494293Aligned.sortedByCoord.out.bam","E25B_50_S"
"X3536STDY8494294Aligned.sortedByCoord.out.bam","E25B_50_AE"
"X3536STDY8494297Aligned.sortedByCoord.out.bam","E25A_138_K"
"X3536STDY8494298Aligned.sortedByCoord.out.bam","E25B_37_J"
"X3536STDY8494299Aligned.sortedByCoord.out.bam","E25B_37_V"
"X3536STDY8494305Aligned.sortedByCoord.out.bam","E25A_138_L"
"X3536STDY8494307Aligned.sortedByCoord.out.bam","E25B_37_W"
"X3536STDY8494312Aligned.sortedByCoord.out.bam","E25A_138_B"
"X3536STDY8494314Aligned.sortedByCoord.out.bam","E25B_37_L"
"X3536STDY8494315Aligned.sortedByCoord.out.bam","E25B_37_X"
"X3536STDY8494316Aligned.sortedByCoord.out.bam","E25B_50_J"
"X3536STDY8494317Aligned.sortedByCoord.out.bam","E25B_50_V"
"X3536STDY8494321Aligned.sortedByCoord.out.bam","E25A_138_N"
"X3536STDY8494322Aligned.sortedByCoord.out.bam","E25D_109_A"
"X3536STDY8494326Aligned.sortedByCoord.out.bam","E25D_109_AW"
"X3536STDY8494330Aligned.sortedByCoord.out.bam","E25D_109_B"
"X3536STDY8494331Aligned.sortedByCoord.out.bam","E25D_109_N"
"X3536STDY8494334Aligned.sortedByCoord.out.bam","E25D_109_AX"
"X3536STDY8494338Aligned.sortedByCoord.out.bam","E25D_109_C"
"X3536STDY8494339Aligned.sortedByCoord.out.bam","E25D_109_O"
"X3536STDY8494340Aligned.sortedByCoord.out.bam","E25D_109_AA"
"X3536STDY8494341Aligned.sortedByCoord.out.bam","E25D_109_AM"
"X3536STDY8494346Aligned.sortedByCoord.out.bam","E25D_109_D"
"X3536STDY8494347Aligned.sortedByCoord.out.bam","E25D_109_P"
"X3536STDY8494350Aligned.sortedByCoord.out.bam","E25D_109_AZ"
"X3536STDY8494354Aligned.sortedByCoord.out.bam","E25D_109_E"
"X3536STDY8494355Aligned.sortedByCoord.out.bam","E25D_109_Q"
"X3536STDY8494357Aligned.sortedByCoord.out.bam","E25D_109_AO"
"X3536STDY8494358Aligned.sortedByCoord.out.bam","E25D_109_BA"
"X3536STDY8494363Aligned.sortedByCoord.out.bam","E25D_109_R"
"X3536STDY8494371Aligned.sortedByCoord.out.bam","E25D_109_S"
"X3536STDY8494378Aligned.sortedByCoord.out.bam","E25D_109_H"
"X3536STDY8494379Aligned.sortedByCoord.out.bam","E25D_109_T"
"X3536STDY8494381Aligned.sortedByCoord.out.bam","E25D_109_AR"
"X3536STDY8494382Aligned.sortedByCoord.out.bam","E25D_109_BD"
"X3536STDY8494386Aligned.sortedByCoord.out.bam","E25D_109_I"
"X3536STDY8494389Aligned.sortedByCoord.out.bam","E25D_109_AS"
"X3536STDY8494394Aligned.sortedByCoord.out.bam","E25D_109_J"
"X3536STDY8494395Aligned.sortedByCoord.out.bam","E25D_109_V"
"X3536STDY8494397Aligned.sortedByCoord.out.bam","E25D_109_AT"
"X3536STDY8494404Aligned.sortedByCoord.out.bam","E25D_109_AI"
"X3536STDY8494410Aligned.sortedByCoord.out.bam","E25D_109_L"
"SLX.20304.i715_i510.H3FMJDRXY.s_2.rAligned.sortedByCoord.out.bam","E15C1_206_O"
"SLX.20304.i715_i511.H3FMJDRXY.s_2.rAligned.sortedByCoord.out.bam","E15C1_206_AA"
"SLX.20304.i715_i506.H3FMJDRXY.s_2.rAligned.sortedByCoord.out.bam","E25D_209_O"
"SLX.20304.i715_i502.H3FMJDRXY.s_2.rAligned.sortedByCoord.out.bam","E15B_198_L"
"SLX.20304.i715_i505.H3FMJDRXY.s_2.rAligned.sortedByCoord.out.bam","E25D_209_C"
"SLX.20304.i715_i508.H3FMJDRXY.s_2.rAligned.sortedByCoord.out.bam","E15C1_206_C"
"SLX.20304.i715_i507.H3FMJDRXY.s_2.rAligned.sortedByCoord.out.bam","E25D_209_AA"
"SLX.20304.i714_i511.H3FMJDRXY.s_2.rAligned.sortedByCoord.out.bam","E15C1_206_Z"
"SLX.20304.i714_i502.H3FMJDRXY.s_2.rAligned.sortedByCoord.out.bam","E15B_198_K"
"SLX.20304.i714_i505.H3FMJDRXY.s_2.rAligned.sortedByCoord.out.bam","E25D_209_B"
"SLX.20304.i714_i506.H3FMJDRXY.s_2.rAligned.sortedByCoord.out.bam","E25D_209_N"
"SLX.20304.i714_i510.H3FMJDRXY.s_2.rAligned.sortedByCoord.out.bam","E15C1_206_N"
"SLX.20304.i714_i503.H3FMJDRXY.s_2.rAligned.sortedByCoord.out.bam","E15B_198_W"
"SLX.20304.i712_i510.H3FMJDRXY.s_2.rAligned.sortedByCoord.out.bam","E15C1_206_M"
"SLX.20304.i712_i511.H3FMJDRXY.s_2.rAligned.sortedByCoord.out.bam","E15C1_206_Y"
"SLX.20304.i712_i507.H3FMJDRXY.s_2.rAligned.sortedByCoord.out.bam","E25D_209_Y"
"SLX.20304.i712_i505.H3FMJDRXY.s_2.rAligned.sortedByCoord.out.bam","E25D_209_A"
"SLX.20304.i712_i502.H3FMJDRXY.s_2.rAligned.sortedByCoord.out.bam","E15B_198_J"
"SLX.20304.i711_i506.H3FMJDRXY.s_2.rAligned.sortedByCoord.out.bam","E25D_209_L"
"SLX.20304.i711_i507.H3FMJDRXY.s_2.rAligned.sortedByCoord.out.bam","E25D_209_X"
"SLX.20304.i711_i510.H3FMJDRXY.s_2.rAligned.sortedByCoord.out.bam","E15C1_206_L"
"SLX.20304.i711_i511.H3FMJDRXY.s_2.rAligned.sortedByCoord.out.bam","E15C1_206_X"
"SLX.20304.i711_i505.H3FMJDRXY.s_2.rAligned.sortedByCoord.out.bam","E15B_198_AT"
"SLX.20304.i711_i503.H3FMJDRXY.s_2.rAligned.sortedByCoord.out.bam","E15B_198_U"
"SLX.20304.i710_i507.H3FMJDRXY.s_2.rAligned.sortedByCoord.out.bam","E25D_209_W"
"SLX.20304.i710_i506.H3FMJDRXY.s_2.rAligned.sortedByCoord.out.bam","E25D_209_K"
"SLX.20304.i710_i511.H3FMJDRXY.s_2.rAligned.sortedByCoord.out.bam","E15C1_206_W"
"SLX.20304.i710_i502.H3FMJDRXY.s_2.rAligned.sortedByCoord.out.bam","E15B_198_H"
"SLX.20304.i710_i510.H3FMJDRXY.s_2.rAligned.sortedByCoord.out.bam","E15C1_206_K"
"SLX.20304.i707_i511.H3FMJDRXY.s_2.rAligned.sortedByCoord.out.bam","E15C1_206_V"
"SLX.20304.i707_i502.H3FMJDRXY.s_2.rAligned.sortedByCoord.out.bam","E15B_198_G"
"SLX.20304.i707_i507.H3FMJDRXY.s_2.rAligned.sortedByCoord.out.bam","E25D_209_V"
"SLX.20304.i707_i503.H3FMJDRXY.s_2.rAligned.sortedByCoord.out.bam","E15B_198_S"
"SLX.20304.i707_i505.H3FMJDRXY.s_2.rAligned.sortedByCoord.out.bam","E15B_198_AR"
"SLX.20304.i707_i510.H3FMJDRXY.s_2.rAligned.sortedByCoord.out.bam","E15C1_206_J"
"SLX.20304.i706_i507.H3FMJDRXY.s_2.rAligned.sortedByCoord.out.bam","E25D_209_U"
"SLX.20304.i706_i502.H3FMJDRXY.s_2.rAligned.sortedByCoord.out.bam","E15B_198_F"
"SLX.20304.i706_i506.H3FMJDRXY.s_2.rAligned.sortedByCoord.out.bam","E25D_209_I"
"SLX.20304.i706_i510.H3FMJDRXY.s_2.rAligned.sortedByCoord.out.bam","E15C1_206_I"
"SLX.20304.i706_i505.H3FMJDRXY.s_2.rAligned.sortedByCoord.out.bam","E15B_198_AQ"
"SLX.20304.i705_i503.H3FMJDRXY.s_2.rAligned.sortedByCoord.out.bam","E15B_198_Q"
"SLX.20304.i705_i511.H3FMJDRXY.s_2.rAligned.sortedByCoord.out.bam","E15C1_206_T"
"SLX.20304.i705_i507.H3FMJDRXY.s_2.rAligned.sortedByCoord.out.bam","E25D_209_T"
"SLX.20304.i705_i506.H3FMJDRXY.s_2.rAligned.sortedByCoord.out.bam","E25D_209_H"
"SLX.20304.i705_i505.H3FMJDRXY.s_2.rAligned.sortedByCoord.out.bam","E15B_198_AP"
"SLX.20304.i705_i502.H3FMJDRXY.s_2.rAligned.sortedByCoord.out.bam","E15B_198_E"
"SLX.20304.i704_i508.H3FMJDRXY.s_2.rAligned.sortedByCoord.out.bam","E25D_209_AE"
"SLX.20304.i704_i510.H3FMJDRXY.s_2.rAligned.sortedByCoord.out.bam","E15C1_206_G"
"SLX.20304.i704_i511.H3FMJDRXY.s_2.rAligned.sortedByCoord.out.bam","E15C1_206_S"
"SLX.20304.i704_i505.H3FMJDRXY.s_2.rAligned.sortedByCoord.out.bam","E15B_198_AO"
"SLX.20304.i704_i502.H3FMJDRXY.s_2.rAligned.sortedByCoord.out.bam","E15B_198_D"
"SLX.20304.i703_i511.H3FMJDRXY.s_2.rAligned.sortedByCoord.out.bam","E15C1_206_R"
"SLX.20304.i704_i503.H3FMJDRXY.s_2.rAligned.sortedByCoord.out.bam","E15B_198_P"
"SLX.20304.i703_i507.H3FMJDRXY.s_2.rAligned.sortedByCoord.out.bam","E25D_209_R"
"SLX.20304.i703_i510.H3FMJDRXY.s_2.rAligned.sortedByCoord.out.bam","E15C1_206_F"
"SLX.20304.i703_i505.H3FMJDRXY.s_2.rAligned.sortedByCoord.out.bam","E15B_198_AN"
"SLX.20304.i703_i502.H3FMJDRXY.s_2.rAligned.sortedByCoord.out.bam","E15B_198_C"
"SLX.20304.i703_i503.H3FMJDRXY.s_2.rAligned.sortedByCoord.out.bam","E15B_198_O"
"SLX.20304.i702_i511.H3FMJDRXY.s_2.rAligned.sortedByCoord.out.bam","E15C1_206_Q"
"SLX.20304.i702_i507.H3FMJDRXY.s_2.rAligned.sortedByCoord.out.bam","E25D_209_Q"
"SLX.20304.i702_i508.H3FMJDRXY.s_2.rAligned.sortedByCoord.out.bam","E25D_209_AC"
"SLX.20304.i702_i510.H3FMJDRXY.s_2.rAligned.sortedByCoord.out.bam","E15C1_206_E"
"SLX.20304.i702_i503.H3FMJDRXY.s_2.rAligned.sortedByCoord.out.bam","E15B_198_N"
"SLX.20304.i701_i508.H3FMJDRXY.s_2.rAligned.sortedByCoord.out.bam","E25D_209_AB"
"SLX.20304.i701_i503.H3FMJDRXY.s_2.rAligned.sortedByCoord.out.bam","E15B_198_M"
"SLX.20304.i701_i511.H3FMJDRXY.s_2.rAligned.sortedByCoord.out.bam","E15C1_206_P"
"SLX.20304.i701_i507.H3FMJDRXY.s_2.rAligned.sortedByCoord.out.bam","E25D_209_P"
"SLX.20306.i715_i510.H3FMGDRXY.s_2.rAligned.sortedByCoord.out.bam","E15C1_210_AV"
"SLX.20306.i715_i507.H3FMGDRXY.s_2.rAligned.sortedByCoord.out.bam","E15C1_210_X"
"SLX.20306.i714_i511.H3FMGDRXY.s_2.rAligned.sortedByCoord.out.bam","E15C1_220_K"
"SLX.20306.i714_i508.H3FMGDRXY.s_2.rAligned.sortedByCoord.out.bam","E15C1_210_AI"
"SLX.20306.i714_i507.H3FMGDRXY.s_2.rAligned.sortedByCoord.out.bam","E15C1_210_W"
"SLX.20306.i714_i510.H3FMGDRXY.s_2.rAligned.sortedByCoord.out.bam","E15C1_210_AU"
"SLX.20306.i714_i503.H3FMGDRXY.s_2.rAligned.sortedByCoord.out.bam","E15C1_198_AL"
"SLX.20306.i712_i511.H3FMGDRXY.s_2.rAligned.sortedByCoord.out.bam","E15C1_220_J"
"SLX.20306.i712_i510.H3FMGDRXY.s_2.rAligned.sortedByCoord.out.bam","E15C1_210_AT"
"SLX.20306.i712_i508.H3FMGDRXY.s_2.rAligned.sortedByCoord.out.bam","E15C1_210_AH"
"SLX.20306.i712_i507.H3FMGDRXY.s_2.rAligned.sortedByCoord.out.bam","E15C1_210_V"
"SLX.20306.i712_i506.H3FMGDRXY.s_2.rAligned.sortedByCoord.out.bam","E15C1_210_J"
"SLX.20306.i711_i511.H3FMGDRXY.s_2.rAligned.sortedByCoord.out.bam","E15C1_220_I"
"SLX.20306.i712_i503.H3FMGDRXY.s_2.rAligned.sortedByCoord.out.bam","E15C1_198_AK"
"SLX.20306.i711_i508.H3FMGDRXY.s_2.rAligned.sortedByCoord.out.bam","E15C1_210_AG"
"SLX.20306.i711_i510.H3FMGDRXY.s_2.rAligned.sortedByCoord.out.bam","E15C1_210_AS"
"SLX.20306.i711_i507.H3FMGDRXY.s_2.rAligned.sortedByCoord.out.bam","E15C1_210_U"
"SLX.20306.i711_i503.H3FMGDRXY.s_2.rAligned.sortedByCoord.out.bam","E15C1_198_U"
"SLX.20306.i711_i505.H3FMGDRXY.s_2.rAligned.sortedByCoord.out.bam","E15C1_198_AV"
"SLX.20306.i711_i502.H3FMGDRXY.s_2.rAligned.sortedByCoord.out.bam","E15C1_198_I"
"SLX.20306.i710_i511.H3FMGDRXY.s_2.rAligned.sortedByCoord.out.bam","E15C1_220_H"
"SLX.20306.i710_i508.H3FMGDRXY.s_2.rAligned.sortedByCoord.out.bam","E15C1_210_AF"
"SLX.20306.i710_i510.H3FMGDRXY.s_2.rAligned.sortedByCoord.out.bam","E15C1_210_AR"
"SLX.20306.i710_i507.H3FMGDRXY.s_2.rAligned.sortedByCoord.out.bam","E15C1_210_T"
"SLX.20306.i710_i506.H3FMGDRXY.s_2.rAligned.sortedByCoord.out.bam","E15C1_210_H"
"SLX.20306.i710_i505.H3FMGDRXY.s_2.rAligned.sortedByCoord.out.bam","E15C1_198_AU"
"SLX.20306.i707_i511.H3FMGDRXY.s_2.rAligned.sortedByCoord.out.bam","E15C1_220_G"
"SLX.20306.i707_i508.H3FMGDRXY.s_2.rAligned.sortedByCoord.out.bam","E15C1_210_AE"
"SLX.20306.i707_i505.H3FMGDRXY.s_2.rAligned.sortedByCoord.out.bam","E15C1_198_AT"
"SLX.20306.i707_i503.H3FMGDRXY.s_2.rAligned.sortedByCoord.out.bam","E15C1_198_S"
"SLX.20306.i706_i511.H3FMGDRXY.s_2.rAligned.sortedByCoord.out.bam","E15C1_220_F"
"SLX.20306.i706_i506.H3FMGDRXY.s_2.rAligned.sortedByCoord.out.bam","E15C1_210_F"
"SLX.20306.i706_i503.H3FMGDRXY.s_2.rAligned.sortedByCoord.out.bam","E15C1_198_R"
"SLX.20306.i705_i508.H3FMGDRXY.s_2.rAligned.sortedByCoord.out.bam","E15C1_210_AC"
"SLX.20306.i705_i506.H3FMGDRXY.s_2.rAligned.sortedByCoord.out.bam","E15C1_210_E"
"SLX.20306.i704_i508.H3FMGDRXY.s_2.rAligned.sortedByCoord.out.bam","E15C1_210_AB"
"SLX.20306.i704_i510.H3FMGDRXY.s_2.rAligned.sortedByCoord.out.bam","E15C1_210_AN"
"SLX.20306.i704_i511.H3FMGDRXY.s_2.rAligned.sortedByCoord.out.bam","E15C1_220_D"
"SLX.20306.i704_i505.H3FMGDRXY.s_2.rAligned.sortedByCoord.out.bam","E15C1_198_AQ"
"SLX.20306.i704_i503.H3FMGDRXY.s_2.rAligned.sortedByCoord.out.bam","E15C1_198_P"
"SLX.20306.i703_i511.H3FMGDRXY.s_2.rAligned.sortedByCoord.out.bam","E15C1_220_C"
"SLX.20306.i703_i506.H3FMGDRXY.s_2.rAligned.sortedByCoord.out.bam","E15C1_210_C"
"SLX.20306.i703_i510.H3FMGDRXY.s_2.rAligned.sortedByCoord.out.bam","E15C1_210_AM"
"SLX.20306.i703_i505.H3FMGDRXY.s_2.rAligned.sortedByCoord.out.bam","E15C1_198_AP"
"SLX.20306.i703_i503.H3FMGDRXY.s_2.rAligned.sortedByCoord.out.bam","E15C1_198_O"
"SLX.20306.i702_i508.H3FMGDRXY.s_2.rAligned.sortedByCoord.out.bam","E15C1_210_Z"
"SLX.20306.i702_i506.H3FMGDRXY.s_2.rAligned.sortedByCoord.out.bam","E15C1_210_B"
"SLX.20306.i702_i505.H3FMGDRXY.s_2.rAligned.sortedByCoord.out.bam","E15C1_198_AO"
"SLX.20306.i701_i510.H3FMGDRXY.s_2.rAligned.sortedByCoord.out.bam","E15C1_210_AK"
"SLX.20306.i701_i511.H3FMGDRXY.s_2.rAligned.sortedByCoord.out.bam","E15C1_220_A"
"SLX.20306.i701_i508.H3FMGDRXY.s_2.rAligned.sortedByCoord.out.bam","E15C1_210_Y"
"SLX.20306.i701_i505.H3FMGDRXY.s_2.rAligned.sortedByCoord.out.bam","E15C1_198_AN"
"SLX.20305.i715_i511.H3FMGDRXY.s_1.rAligned.sortedByCoord.out.bam","E15C1_208_AS"
"SLX.20305.i715_i503.H3FMGDRXY.s_1.rAligned.sortedByCoord.out.bam","E15C1_206_AL"
"SLX.20305.i715_i508.H3FMGDRXY.s_1.rAligned.sortedByCoord.out.bam","E15C1_208_U"
"SLX.20305.i715_i506.H3FMGDRXY.s_1.rAligned.sortedByCoord.out.bam","E15C1_206_BJ"
"SLX.20305.i715_i507.H3FMGDRXY.s_1.rAligned.sortedByCoord.out.bam","E15C1_208_I"
"SLX.20305.i714_i511.H3FMGDRXY.s_1.rAligned.sortedByCoord.out.bam","E15C1_208_AR"
"SLX.20305.i714_i503.H3FMGDRXY.s_1.rAligned.sortedByCoord.out.bam","E15C1_206_AK"
"SLX.20305.i714_i507.H3FMGDRXY.s_1.rAligned.sortedByCoord.out.bam","E15C1_208_H"
"SLX.20305.i714_i506.H3FMGDRXY.s_1.rAligned.sortedByCoord.out.bam","E15C1_206_BI"
"SLX.20305.i714_i508.H3FMGDRXY.s_1.rAligned.sortedByCoord.out.bam","E15C1_208_T"
"SLX.20305.i712_i507.H3FMGDRXY.s_1.rAligned.sortedByCoord.out.bam","E15C1_208_G"
"SLX.20305.i712_i511.H3FMGDRXY.s_1.rAligned.sortedByCoord.out.bam","E15C1_208_AQ"
"SLX.20305.i712_i508.H3FMGDRXY.s_1.rAligned.sortedByCoord.out.bam","E15C1_208_S"
"SLX.20305.i712_i503.H3FMGDRXY.s_1.rAligned.sortedByCoord.out.bam","E15C1_206_AJ"
"SLX.20305.i711_i510.H3FMGDRXY.s_1.rAligned.sortedByCoord.out.bam","E15C1_208_AD"
"SLX.20305.i711_i508.H3FMGDRXY.s_1.rAligned.sortedByCoord.out.bam","E15C1_208_R"
"SLX.20305.i711_i507.H3FMGDRXY.s_1.rAligned.sortedByCoord.out.bam","E15C1_208_F"
"SLX.20305.i711_i506.H3FMGDRXY.s_1.rAligned.sortedByCoord.out.bam","E15C1_206_BG"
"SLX.20305.i710_i511.H3FMGDRXY.s_1.rAligned.sortedByCoord.out.bam","E15C1_208_AO"
"SLX.20305.i710_i507.H3FMGDRXY.s_1.rAligned.sortedByCoord.out.bam","E15C1_208_E"
"SLX.20305.i710_i505.H3FMGDRXY.s_1.rAligned.sortedByCoord.out.bam","E15C1_206_AT"
"SLX.20305.i710_i503.H3FMGDRXY.s_1.rAligned.sortedByCoord.out.bam","E15C1_206_AH"
"SLX.20305.i707_i506.H3FMGDRXY.s_1.rAligned.sortedByCoord.out.bam","E15C1_206_BE"
"SLX.20305.i707_i507.H3FMGDRXY.s_1.rAligned.sortedByCoord.out.bam","E15C1_208_D"
"SLX.20305.i707_i503.H3FMGDRXY.s_1.rAligned.sortedByCoord.out.bam","E15C1_206_AG"
"SLX.20305.i706_i508.H3FMGDRXY.s_1.rAligned.sortedByCoord.out.bam","E15C1_208_O"
"SLX.20305.i706_i507.H3FMGDRXY.s_1.rAligned.sortedByCoord.out.bam","E15C1_208_C"
"SLX.20305.i706_i505.H3FMGDRXY.s_1.rAligned.sortedByCoord.out.bam","E15C1_206_AR"
"SLX.20305.i706_i503.H3FMGDRXY.s_1.rAligned.sortedByCoord.out.bam","E15C1_206_AF"
"SLX.20305.i705_i507.H3FMGDRXY.s_1.rAligned.sortedByCoord.out.bam","E15C1_208_B"
"SLX.20305.i705_i508.H3FMGDRXY.s_1.rAligned.sortedByCoord.out.bam","E15C1_208_N"
"SLX.20305.i705_i502.H3FMGDRXY.s_1.rAligned.sortedByCoord.out.bam","E15B_198_AB"
"SLX.20305.i705_i503.H3FMGDRXY.s_1.rAligned.sortedByCoord.out.bam","E15C1_206_AE"
"SLX.20305.i704_i510.H3FMGDRXY.s_1.rAligned.sortedByCoord.out.bam","E15C1_208_Y"
"SLX.20305.i704_i506.H3FMGDRXY.s_1.rAligned.sortedByCoord.out.bam","E15C1_206_BB"
"SLX.20305.i704_i507.H3FMGDRXY.s_1.rAligned.sortedByCoord.out.bam","E15C1_208_A"
"SLX.20305.i704_i505.H3FMGDRXY.s_1.rAligned.sortedByCoord.out.bam","E15C1_206_AP"
"SLX.20305.i704_i502.H3FMGDRXY.s_1.rAligned.sortedByCoord.out.bam","E15B_198_AA"
"SLX.20305.i703_i508.H3FMGDRXY.s_1.rAligned.sortedByCoord.out.bam","E15C1_208_L"
"SLX.20305.i703_i505.H3FMGDRXY.s_1.rAligned.sortedByCoord.out.bam","E15C1_206_AO"
"SLX.20305.i703_i503.H3FMGDRXY.s_1.rAligned.sortedByCoord.out.bam","E15C1_206_AC"
"SLX.20305.i702_i510.H3FMGDRXY.s_1.rAligned.sortedByCoord.out.bam","E15C1_208_W"
"SLX.20305.i702_i508.H3FMGDRXY.s_1.rAligned.sortedByCoord.out.bam","E15C1_208_K"
"SLX.20305.i702_i507.H3FMGDRXY.s_1.rAligned.sortedByCoord.out.bam","E15C1_206_BL"
"SLX.20305.i702_i503.H3FMGDRXY.s_1.rAligned.sortedByCoord.out.bam","E15C1_206_AB"
"SLX.20305.i701_i508.H3FMGDRXY.s_1.rAligned.sortedByCoord.out.bam","E15C1_208_J"
"SLX.20305.i701_i502.H3FMGDRXY.s_1.rAligned.sortedByCoord.out.bam","E15B_198_X"
"SLX.20305.i701_i505.H3FMGDRXY.s_1.rAligned.sortedByCoord.out.bam","E15C1_206_AM"
"SLX.20329.i715_i506.H3NYWDRXY.s_2.rAligned.sortedByCoord.out.bam","E25D_220_BN"
"SLX.20329.i715_i503.H3NYWDRXY.s_2.rAligned.sortedByCoord.out.bam","E25D_220_AP"
"SLX.20329.i715_i502.H3NYWDRXY.s_2.rAligned.sortedByCoord.out.bam","E25D_220_AD"
"SLX.20329.i714_i510.H3NYWDRXY.s_2.rAligned.sortedByCoord.out.bam","E15C1_212_W"
"SLX.20329.i714_i508.H3NYWDRXY.s_2.rAligned.sortedByCoord.out.bam","E15C1_212_K"
"SLX.20329.i714_i506.H3NYWDRXY.s_2.rAligned.sortedByCoord.out.bam","E25D_220_BM"
"SLX.20329.i714_i503.H3NYWDRXY.s_2.rAligned.sortedByCoord.out.bam","E25D_220_AO"
"SLX.20329.i714_i505.H3NYWDRXY.s_2.rAligned.sortedByCoord.out.bam","E25D_220_BA"
"SLX.20329.i714_i502.H3NYWDRXY.s_2.rAligned.sortedByCoord.out.bam","E25D_220_AC"
"SLX.20329.i712_i507.H3NYWDRXY.s_2.rAligned.sortedByCoord.out.bam","E25D_220_BX"
"SLX.20329.i712_i508.H3NYWDRXY.s_2.rAligned.sortedByCoord.out.bam","E15C1_212_J"
"SLX.20329.i712_i510.H3NYWDRXY.s_2.rAligned.sortedByCoord.out.bam","E15C1_212_V"
"SLX.20329.i712_i506.H3NYWDRXY.s_2.rAligned.sortedByCoord.out.bam","E25D_220_BL"
"SLX.20329.i712_i503.H3NYWDRXY.s_2.rAligned.sortedByCoord.out.bam","E25D_220_AN"
"SLX.20329.i711_i507.H3NYWDRXY.s_2.rAligned.sortedByCoord.out.bam","E25D_220_BW"
"SLX.20329.i711_i511.H3NYWDRXY.s_2.rAligned.sortedByCoord.out.bam","E15C1_212_AG"
"SLX.20329.i711_i506.H3NYWDRXY.s_2.rAligned.sortedByCoord.out.bam","E25D_220_BK"
"SLX.20329.i711_i505.H3NYWDRXY.s_2.rAligned.sortedByCoord.out.bam","E25D_220_AY"
"SLX.20329.i711_i502.H3NYWDRXY.s_2.rAligned.sortedByCoord.out.bam","E25D_220_AA"
"SLX.20329.i711_i503.H3NYWDRXY.s_2.rAligned.sortedByCoord.out.bam","E25D_220_AM"
"SLX.20329.i710_i511.H3NYWDRXY.s_2.rAligned.sortedByCoord.out.bam","E15C1_212_AF"
"SLX.20329.i710_i507.H3NYWDRXY.s_2.rAligned.sortedByCoord.out.bam","E25D_220_BV"
"SLX.20329.i710_i508.H3NYWDRXY.s_2.rAligned.sortedByCoord.out.bam","E15C1_212_H"
"SLX.20329.i710_i506.H3NYWDRXY.s_2.rAligned.sortedByCoord.out.bam","E25D_220_BJ"
"SLX.20329.i707_i506.H3NYWDRXY.s_2.rAligned.sortedByCoord.out.bam","E25D_220_BI"
"SLX.20329.i710_i503.H3NYWDRXY.s_2.rAligned.sortedByCoord.out.bam","E25D_220_AL"
"SLX.20329.i710_i502.H3NYWDRXY.s_2.rAligned.sortedByCoord.out.bam","E25D_220_Z"
"SLX.20329.i707_i507.H3NYWDRXY.s_2.rAligned.sortedByCoord.out.bam","E25D_220_BU"
"SLX.20329.i707_i508.H3NYWDRXY.s_2.rAligned.sortedByCoord.out.bam","E15C1_212_G"
"SLX.20329.i707_i505.H3NYWDRXY.s_2.rAligned.sortedByCoord.out.bam","E25D_220_AW"
"SLX.20329.i707_i502.H3NYWDRXY.s_2.rAligned.sortedByCoord.out.bam","E25D_220_Y"
"SLX.20329.i707_i503.H3NYWDRXY.s_2.rAligned.sortedByCoord.out.bam","E25D_220_AK"
"SLX.20329.i706_i507.H3NYWDRXY.s_2.rAligned.sortedByCoord.out.bam","E25D_220_BT"
"SLX.20329.i706_i511.H3NYWDRXY.s_2.rAligned.sortedByCoord.out.bam","E15C1_212_AD"
"SLX.20329.i706_i510.H3NYWDRXY.s_2.rAligned.sortedByCoord.out.bam","E15C1_212_R"
"SLX.20329.i706_i508.H3NYWDRXY.s_2.rAligned.sortedByCoord.out.bam","E15C1_212_F"
"SLX.20329.i706_i505.H3NYWDRXY.s_2.rAligned.sortedByCoord.out.bam","E25D_220_AV"
"SLX.20329.i705_i507.H3NYWDRXY.s_2.rAligned.sortedByCoord.out.bam","E25D_220_BS"
"SLX.20329.i705_i510.H3NYWDRXY.s_2.rAligned.sortedByCoord.out.bam","E15C1_212_Q"
"SLX.20329.i706_i502.H3NYWDRXY.s_2.rAligned.sortedByCoord.out.bam","E25D_220_X"
"SLX.20329.i705_i511.H3NYWDRXY.s_2.rAligned.sortedByCoord.out.bam","E15C1_212_AC"
"SLX.20329.i705_i508.H3NYWDRXY.s_2.rAligned.sortedByCoord.out.bam","E15C1_212_E"
"SLX.20329.i705_i505.H3NYWDRXY.s_2.rAligned.sortedByCoord.out.bam","E25D_220_AU"
"SLX.20329.i705_i503.H3NYWDRXY.s_2.rAligned.sortedByCoord.out.bam","E25D_220_AI"
"SLX.20329.i704_i508.H3NYWDRXY.s_2.rAligned.sortedByCoord.out.bam","E15C1_212_D"
"SLX.20329.i705_i502.H3NYWDRXY.s_2.rAligned.sortedByCoord.out.bam","E25D_220_W"
"SLX.20329.i704_i507.H3NYWDRXY.s_2.rAligned.sortedByCoord.out.bam","E25D_220_BR"
"SLX.20329.i703_i511.H3NYWDRXY.s_2.rAligned.sortedByCoord.out.bam","E15C1_212_AA"
"SLX.20329.i704_i502.H3NYWDRXY.s_2.rAligned.sortedByCoord.out.bam","E25D_220_V"
"SLX.20329.i703_i508.H3NYWDRXY.s_2.rAligned.sortedByCoord.out.bam","E15C1_212_C"
"SLX.20329.i702_i510.H3NYWDRXY.s_2.rAligned.sortedByCoord.out.bam","E15C1_212_N"
"SLX.20329.i703_i505.H3NYWDRXY.s_2.rAligned.sortedByCoord.out.bam","E25D_220_AS"
"SLX.20329.i703_i502.H3NYWDRXY.s_2.rAligned.sortedByCoord.out.bam","E25D_220_U"
"SLX.20329.i703_i503.H3NYWDRXY.s_2.rAligned.sortedByCoord.out.bam","E25D_220_AG"
"SLX.20329.i702_i507.H3NYWDRXY.s_2.rAligned.sortedByCoord.out.bam","E25D_220_BP"
"SLX.20329.i702_i505.H3NYWDRXY.s_2.rAligned.sortedByCoord.out.bam","E25D_220_AR"
"SLX.20329.i702_i506.H3NYWDRXY.s_2.rAligned.sortedByCoord.out.bam","E25D_220_BD"
"SLX.20329.i701_i510.H3NYWDRXY.s_2.rAligned.sortedByCoord.out.bam","E15C1_212_M"
"SLX.20329.i701_i507.H3NYWDRXY.s_2.rAligned.sortedByCoord.out.bam","E25D_220_BO"
"SLX.20329.i702_i502.H3NYWDRXY.s_2.rAligned.sortedByCoord.out.bam","E25D_220_T"
"SLX.20329.i702_i503.H3NYWDRXY.s_2.rAligned.sortedByCoord.out.bam","E25D_220_AF"
"SLX.20329.i701_i508.H3NYWDRXY.s_2.rAligned.sortedByCoord.out.bam","E15C1_212_A"
"SLX.20329.i701_i506.H3NYWDRXY.s_2.rAligned.sortedByCoord.out.bam","E25D_220_BC"
"SLX.20329.i701_i502.H3NYWDRXY.s_2.rAligned.sortedByCoord.out.bam","E25D_220_S"
"SLX.20329.i701_i503.H3NYWDRXY.s_2.rAligned.sortedByCoord.out.bam","E25D_220_AE"
"SLX.20307.i701_i502.H3FT3DRXY.s_1.r_SLX.20307.i701_i502.H3MLCDRXY.s_1.r.sorted.bam","E15C2_237_A"
"SLX.20307.i701_i505.H3FT3DRXY.s_1.r_SLX.20307.i701_i505.H3MLCDRXY.s_1.r.sorted.bam","E15C2_237_Y"
"SLX.20307.i701_i506.H3FT3DRXY.s_1.r_SLX.20307.i701_i506.H3MLCDRXY.s_1.r.sorted.bam","E15C2_237_AK"
"SLX.20307.i702_i502.H3FT3DRXY.s_1.r_SLX.20307.i702_i502.H3MLCDRXY.s_1.r.sorted.bam","E15C2_237_B"
"SLX.20307.i702_i503.H3FT3DRXY.s_1.r_SLX.20307.i702_i503.H3MLCDRXY.s_1.r.sorted.bam","E15C2_237_N"
"SLX.20307.i702_i506.H3FT3DRXY.s_1.r_SLX.20307.i702_i506.H3MLCDRXY.s_1.r.sorted.bam","E15C2_237_AL"
"SLX.20307.i702_i510.H3FT3DRXY.s_1.r_SLX.20307.i702_i510.H3MLCDRXY.s_1.r.sorted.bam","E15C1_220_T"
"SLX.20307.i703_i505.H3FT3DRXY.s_1.r_SLX.20307.i703_i505.H3MLCDRXY.s_1.r.sorted.bam","E15C2_237_AA"
"SLX.20307.i703_i507.H3FT3DRXY.s_1.r_SLX.20307.i703_i507.H3MLCDRXY.s_1.r.sorted.bam","E15C2_237_AY"
"SLX.20307.i703_i511.H3FT3DRXY.s_1.r_SLX.20307.i703_i511.H3MLCDRXY.s_1.r.sorted.bam","E15C1_220_AG"
"SLX.20307.i704_i502.H3FT3DRXY.s_1.r_SLX.20307.i704_i502.H3MLCDRXY.s_1.r.sorted.bam","E15C2_237_D"
"SLX.20307.i704_i506.H3FT3DRXY.s_1.r_SLX.20307.i704_i506.H3MLCDRXY.s_1.r.sorted.bam","E15C2_237_AN"
"SLX.20307.i704_i507.H3FT3DRXY.s_1.r_SLX.20307.i704_i507.H3MLCDRXY.s_1.r.sorted.bam","E15C2_237_AZ"
"SLX.20307.i704_i510.H3FT3DRXY.s_1.r_SLX.20307.i704_i510.H3MLCDRXY.s_1.r.sorted.bam","E15C1_220_V"
"SLX.20307.i705_i502.H3FT3DRXY.s_1.r_SLX.20307.i705_i502.H3MLCDRXY.s_1.r.sorted.bam","E15C2_237_E"
"SLX.20307.i705_i505.H3FT3DRXY.s_1.r_SLX.20307.i705_i505.H3MLCDRXY.s_1.r.sorted.bam","E15C2_237_AC"
"SLX.20307.i705_i507.H3FT3DRXY.s_1.r_SLX.20307.i705_i507.H3MLCDRXY.s_1.r.sorted.bam","E15C2_237_BA"
"SLX.20307.i705_i508.H3FT3DRXY.s_1.r_SLX.20307.i705_i508.H3MLCDRXY.s_1.r.sorted.bam","E15C2_237_BM"
"SLX.20307.i705_i510.H3FT3DRXY.s_1.r_SLX.20307.i705_i510.H3MLCDRXY.s_1.r.sorted.bam","E15C1_220_W"
"SLX.20307.i706_i502.H3FT3DRXY.s_1.r_SLX.20307.i706_i502.H3MLCDRXY.s_1.r.sorted.bam","E15C2_237_F"
"SLX.20307.i706_i505.H3FT3DRXY.s_1.r_SLX.20307.i706_i505.H3MLCDRXY.s_1.r.sorted.bam","E15C2_237_AD"
"SLX.20307.i706_i506.H3FT3DRXY.s_1.r_SLX.20307.i706_i506.H3MLCDRXY.s_1.r.sorted.bam","E15C2_237_AP"
"SLX.20307.i706_i507.H3FT3DRXY.s_1.r_SLX.20307.i706_i507.H3MLCDRXY.s_1.r.sorted.bam","E15C2_237_BB"
"SLX.20307.i706_i508.H3FT3DRXY.s_1.r_SLX.20307.i706_i508.H3MLCDRXY.s_1.r.sorted.bam","E15C2_237_BN"
"SLX.20307.i706_i510.H3FT3DRXY.s_1.r_SLX.20307.i706_i510.H3MLCDRXY.s_1.r.sorted.bam","E15C1_220_X"
"SLX.20307.i707_i502.H3FT3DRXY.s_1.r_SLX.20307.i707_i502.H3MLCDRXY.s_1.r.sorted.bam","E15C2_237_G"
"SLX.20307.i707_i503.H3FT3DRXY.s_1.r_SLX.20307.i707_i503.H3MLCDRXY.s_1.r.sorted.bam","E15C2_237_S"
"SLX.20307.i707_i505.H3FT3DRXY.s_1.r_SLX.20307.i707_i505.H3MLCDRXY.s_1.r.sorted.bam","E15C2_237_AE"
"SLX.20307.i707_i506.H3FT3DRXY.s_1.r_SLX.20307.i707_i506.H3MLCDRXY.s_1.r.sorted.bam","E15C2_237_AQ"
"SLX.20307.i707_i507.H3FT3DRXY.s_1.r_SLX.20307.i707_i507.H3MLCDRXY.s_1.r.sorted.bam","E15C2_237_BC"
"SLX.20307.i707_i508.H3FT3DRXY.s_1.r_SLX.20307.i707_i508.H3MLCDRXY.s_1.r.sorted.bam","E15C1_220_M"
"SLX.20307.i710_i503.H3FT3DRXY.s_1.r_SLX.20307.i710_i503.H3MLCDRXY.s_1.r.sorted.bam","E15C2_237_T"
"SLX.20307.i710_i505.H3FT3DRXY.s_1.r_SLX.20307.i710_i505.H3MLCDRXY.s_1.r.sorted.bam","E15C2_237_AF"
"SLX.20307.i710_i507.H3FT3DRXY.s_1.r_SLX.20307.i710_i507.H3MLCDRXY.s_1.r.sorted.bam","E15C2_237_BD"
"SLX.20307.i710_i508.H3FT3DRXY.s_1.r_SLX.20307.i710_i508.H3MLCDRXY.s_1.r.sorted.bam","E15C1_220_N"
"SLX.20307.i710_i510.H3FT3DRXY.s_1.r_SLX.20307.i710_i510.H3MLCDRXY.s_1.r.sorted.bam","E15C1_220_Z"
"SLX.20307.i711_i503.H3FT3DRXY.s_1.r_SLX.20307.i711_i503.H3MLCDRXY.s_1.r.sorted.bam","E15C2_237_U"
"SLX.20307.i711_i505.H3FT3DRXY.s_1.r_SLX.20307.i711_i505.H3MLCDRXY.s_1.r.sorted.bam","E15C2_237_AG"
"SLX.20307.i711_i507.H3FT3DRXY.s_1.r_SLX.20307.i711_i507.H3MLCDRXY.s_1.r.sorted.bam","E15C2_237_BE"
"SLX.20307.i711_i508.H3FT3DRXY.s_1.r_SLX.20307.i711_i508.H3MLCDRXY.s_1.r.sorted.bam","E15C1_220_O"
"SLX.20307.i712_i503.H3FT3DRXY.s_1.r_SLX.20307.i712_i503.H3MLCDRXY.s_1.r.sorted.bam","E15C2_237_V"
"SLX.20307.i712_i505.H3FT3DRXY.s_1.r_SLX.20307.i712_i505.H3MLCDRXY.s_1.r.sorted.bam","E15C2_237_AH"
"SLX.20307.i712_i510.H3FT3DRXY.s_1.r_SLX.20307.i712_i510.H3MLCDRXY.s_1.r.sorted.bam","E15C1_220_AB"
"SLX.20307.i714_i507.H3FT3DRXY.s_1.r_SLX.20307.i714_i507.H3MLCDRXY.s_1.r.sorted.bam","E15C2_237_BG"
"SLX.20307.i714_i510.H3FT3DRXY.s_1.r_SLX.20307.i714_i510.H3MLCDRXY.s_1.r.sorted.bam","E15C1_220_AC"
"SLX.20307.i715_i503.H3FT3DRXY.s_1.r_SLX.20307.i715_i503.H3MLCDRXY.s_1.r.sorted.bam","E15C2_237_X"
"SLX.20307.i715_i505.H3FT3DRXY.s_1.r_SLX.20307.i715_i505.H3MLCDRXY.s_1.r.sorted.bam","E15C2_237_AJ"
"SLX.20307.i715_i507.H3FT3DRXY.s_1.r_SLX.20307.i715_i507.H3MLCDRXY.s_1.r.sorted.bam","E15C2_237_BH"
"SLX.20307.i715_i508.H3FT3DRXY.s_1.r_SLX.20307.i715_i508.H3MLCDRXY.s_1.r.sorted.bam","E15C1_220_R"
"SLX.20307.i715_i511.H3FT3DRXY.s_1.r_SLX.20307.i715_i511.H3MLCDRXY.s_1.r.sorted.bam","E15C1_220_AP"
"SLX.20308.i701_i502.H3FT3DRXY.s_2.r_SLX.20308.i701_i502.H3MLCDRXY.s_2.r.sorted.bam","E25D_219_A"
"SLX.20308.i701_i503.H3FT3DRXY.s_2.r_SLX.20308.i701_i503.H3MLCDRXY.s_2.r.sorted.bam","E25D_219_M"
"SLX.20308.i701_i505.H3FT3DRXY.s_2.r_SLX.20308.i701_i505.H3MLCDRXY.s_2.r.sorted.bam","E25D_219_Y"
"SLX.20308.i701_i506.H3FT3DRXY.s_2.r_SLX.20308.i701_i506.H3MLCDRXY.s_2.r.sorted.bam","E25D_219_AK"
"SLX.20308.i701_i507.H3FT3DRXY.s_2.r_SLX.20308.i701_i507.H3MLCDRXY.s_2.r.sorted.bam","E25D_219_AW"
"SLX.20308.i701_i508.H3FT3DRXY.s_2.r_SLX.20308.i701_i508.H3MLCDRXY.s_2.r.sorted.bam","E25D_219_BI"
"SLX.20308.i701_i511.H3FT3DRXY.s_2.r_SLX.20308.i701_i511.H3MLCDRXY.s_2.r.sorted.bam","E25D_220_G"
"SLX.20308.i702_i502.H3FT3DRXY.s_2.r_SLX.20308.i702_i502.H3MLCDRXY.s_2.r.sorted.bam","E25D_219_B"
"SLX.20308.i702_i503.H3FT3DRXY.s_2.r_SLX.20308.i702_i503.H3MLCDRXY.s_2.r.sorted.bam","E25D_219_N"
"SLX.20308.i702_i505.H3FT3DRXY.s_2.r_SLX.20308.i702_i505.H3MLCDRXY.s_2.r.sorted.bam","E25D_219_Z"
"SLX.20308.i702_i506.H3FT3DRXY.s_2.r_SLX.20308.i702_i506.H3MLCDRXY.s_2.r.sorted.bam","E25D_219_AL"
"SLX.20308.i702_i507.H3FT3DRXY.s_2.r_SLX.20308.i702_i507.H3MLCDRXY.s_2.r.sorted.bam","E25D_219_AX"
"SLX.20308.i702_i511.H3FT3DRXY.s_2.r_SLX.20308.i702_i511.H3MLCDRXY.s_2.r.sorted.bam","E25D_220_H"
"SLX.20308.i703_i502.H3FT3DRXY.s_2.r_SLX.20308.i703_i502.H3MLCDRXY.s_2.r.sorted.bam","E25D_219_C"
"SLX.20308.i703_i503.H3FT3DRXY.s_2.r_SLX.20308.i703_i503.H3MLCDRXY.s_2.r.sorted.bam","E25D_219_O"
"SLX.20308.i703_i505.H3FT3DRXY.s_2.r_SLX.20308.i703_i505.H3MLCDRXY.s_2.r.sorted.bam","E25D_219_AA"
"SLX.20308.i703_i506.H3FT3DRXY.s_2.r_SLX.20308.i703_i506.H3MLCDRXY.s_2.r.sorted.bam","E25D_219_AM"
"SLX.20308.i703_i507.H3FT3DRXY.s_2.r_SLX.20308.i703_i507.H3MLCDRXY.s_2.r.sorted.bam","E25D_219_AY"
"SLX.20308.i703_i508.H3FT3DRXY.s_2.r_SLX.20308.i703_i508.H3MLCDRXY.s_2.r.sorted.bam","E25D_219_BK"
"SLX.20308.i703_i511.H3FT3DRXY.s_2.r_SLX.20308.i703_i511.H3MLCDRXY.s_2.r.sorted.bam","E25D_220_I"
"SLX.20308.i704_i502.H3FT3DRXY.s_2.r_SLX.20308.i704_i502.H3MLCDRXY.s_2.r.sorted.bam","E25D_219_D"
"SLX.20308.i704_i503.H3FT3DRXY.s_2.r_SLX.20308.i704_i503.H3MLCDRXY.s_2.r.sorted.bam","E25D_219_P"
"SLX.20308.i704_i505.H3FT3DRXY.s_2.r_SLX.20308.i704_i505.H3MLCDRXY.s_2.r.sorted.bam","E25D_219_AB"
"SLX.20308.i704_i506.H3FT3DRXY.s_2.r_SLX.20308.i704_i506.H3MLCDRXY.s_2.r.sorted.bam","E25D_219_AN"
"SLX.20308.i704_i507.H3FT3DRXY.s_2.r_SLX.20308.i704_i507.H3MLCDRXY.s_2.r.sorted.bam","E25D_219_AZ"
"SLX.20308.i704_i510.H3FT3DRXY.s_2.r_SLX.20308.i704_i510.H3MLCDRXY.s_2.r.sorted.bam","E25D_219_BX"
"SLX.20308.i704_i511.H3FT3DRXY.s_2.r_SLX.20308.i704_i511.H3MLCDRXY.s_2.r.sorted.bam","E25D_220_J"
"SLX.20308.i705_i502.H3FT3DRXY.s_2.r_SLX.20308.i705_i502.H3MLCDRXY.s_2.r.sorted.bam","E25D_219_E"
"SLX.20308.i705_i503.H3FT3DRXY.s_2.r_SLX.20308.i705_i503.H3MLCDRXY.s_2.r.sorted.bam","E25D_219_Q"
"SLX.20308.i705_i506.H3FT3DRXY.s_2.r_SLX.20308.i705_i506.H3MLCDRXY.s_2.r.sorted.bam","E25D_219_AO"
"SLX.20308.i705_i507.H3FT3DRXY.s_2.r_SLX.20308.i705_i507.H3MLCDRXY.s_2.r.sorted.bam","E25D_219_BA"
"SLX.20308.i705_i511.H3FT3DRXY.s_2.r_SLX.20308.i705_i511.H3MLCDRXY.s_2.r.sorted.bam","E25D_220_K"
"SLX.20308.i706_i502.H3FT3DRXY.s_2.r_SLX.20308.i706_i502.H3MLCDRXY.s_2.r.sorted.bam","E25D_219_F"
"SLX.20308.i706_i506.H3FT3DRXY.s_2.r_SLX.20308.i706_i506.H3MLCDRXY.s_2.r.sorted.bam","E25D_219_AP"
"SLX.20308.i706_i507.H3FT3DRXY.s_2.r_SLX.20308.i706_i507.H3MLCDRXY.s_2.r.sorted.bam","E25D_219_BB"
"SLX.20308.i706_i510.H3FT3DRXY.s_2.r_SLX.20308.i706_i510.H3MLCDRXY.s_2.r.sorted.bam","E25D_219_BZ"
"SLX.20308.i706_i511.H3FT3DRXY.s_2.r_SLX.20308.i706_i511.H3MLCDRXY.s_2.r.sorted.bam","E25D_220_L"
"SLX.20308.i707_i502.H3FT3DRXY.s_2.r_SLX.20308.i707_i502.H3MLCDRXY.s_2.r.sorted.bam","E25D_219_G"
"SLX.20308.i707_i503.H3FT3DRXY.s_2.r_SLX.20308.i707_i503.H3MLCDRXY.s_2.r.sorted.bam","E25D_219_S"
"SLX.20308.i707_i506.H3FT3DRXY.s_2.r_SLX.20308.i707_i506.H3MLCDRXY.s_2.r.sorted.bam","E25D_219_AQ"
"SLX.20308.i707_i507.H3FT3DRXY.s_2.r_SLX.20308.i707_i507.H3MLCDRXY.s_2.r.sorted.bam","E25D_219_BC"
"SLX.20308.i707_i508.H3FT3DRXY.s_2.r_SLX.20308.i707_i508.H3MLCDRXY.s_2.r.sorted.bam","E25D_219_BO"
"SLX.20308.i707_i510.H3FT3DRXY.s_2.r_SLX.20308.i707_i510.H3MLCDRXY.s_2.r.sorted.bam","E25D_220_A"
"SLX.20308.i707_i511.H3FT3DRXY.s_2.r_SLX.20308.i707_i511.H3MLCDRXY.s_2.r.sorted.bam","E25D_220_M"
"SLX.20308.i710_i502.H3FT3DRXY.s_2.r_SLX.20308.i710_i502.H3MLCDRXY.s_2.r.sorted.bam","E25D_219_H"
"SLX.20308.i710_i503.H3FT3DRXY.s_2.r_SLX.20308.i710_i503.H3MLCDRXY.s_2.r.sorted.bam","E25D_219_T"
"SLX.20308.i710_i506.H3FT3DRXY.s_2.r_SLX.20308.i710_i506.H3MLCDRXY.s_2.r.sorted.bam","E25D_219_AR"
"SLX.20308.i710_i507.H3FT3DRXY.s_2.r_SLX.20308.i710_i507.H3MLCDRXY.s_2.r.sorted.bam","E25D_219_BD"
"SLX.20308.i710_i508.H3FT3DRXY.s_2.r_SLX.20308.i710_i508.H3MLCDRXY.s_2.r.sorted.bam","E25D_219_BP"
"SLX.20308.i710_i510.H3FT3DRXY.s_2.r_SLX.20308.i710_i510.H3MLCDRXY.s_2.r.sorted.bam","E25D_220_B"
"SLX.20308.i710_i511.H3FT3DRXY.s_2.r_SLX.20308.i710_i511.H3MLCDRXY.s_2.r.sorted.bam","E25D_220_N"
"SLX.20308.i711_i502.H3FT3DRXY.s_2.r_SLX.20308.i711_i502.H3MLCDRXY.s_2.r.sorted.bam","E25D_219_I"
"SLX.20308.i711_i503.H3FT3DRXY.s_2.r_SLX.20308.i711_i503.H3MLCDRXY.s_2.r.sorted.bam","E25D_219_U"
"SLX.20308.i711_i505.H3FT3DRXY.s_2.r_SLX.20308.i711_i505.H3MLCDRXY.s_2.r.sorted.bam","E25D_219_AG"
"SLX.20308.i711_i507.H3FT3DRXY.s_2.r_SLX.20308.i711_i507.H3MLCDRXY.s_2.r.sorted.bam","E25D_219_BE"
"SLX.20308.i711_i510.H3FT3DRXY.s_2.r_SLX.20308.i711_i510.H3MLCDRXY.s_2.r.sorted.bam","E25D_220_C"
"SLX.20308.i711_i511.H3FT3DRXY.s_2.r_SLX.20308.i711_i511.H3MLCDRXY.s_2.r.sorted.bam","E25D_220_O"
"SLX.20308.i712_i502.H3FT3DRXY.s_2.r_SLX.20308.i712_i502.H3MLCDRXY.s_2.r.sorted.bam","E25D_219_J"
"SLX.20308.i712_i503.H3FT3DRXY.s_2.r_SLX.20308.i712_i503.H3MLCDRXY.s_2.r.sorted.bam","E25D_219_V"
"SLX.20308.i712_i507.H3FT3DRXY.s_2.r_SLX.20308.i712_i507.H3MLCDRXY.s_2.r.sorted.bam","E25D_219_BF"
"SLX.20308.i712_i508.H3FT3DRXY.s_2.r_SLX.20308.i712_i508.H3MLCDRXY.s_2.r.sorted.bam","E25D_219_BR"
"SLX.20308.i712_i510.H3FT3DRXY.s_2.r_SLX.20308.i712_i510.H3MLCDRXY.s_2.r.sorted.bam","E25D_220_D"
"SLX.20308.i712_i511.H3FT3DRXY.s_2.r_SLX.20308.i712_i511.H3MLCDRXY.s_2.r.sorted.bam","E25D_220_P"
"SLX.20308.i714_i502.H3FT3DRXY.s_2.r_SLX.20308.i714_i502.H3MLCDRXY.s_2.r.sorted.bam","E25D_219_K"
"SLX.20308.i714_i503.H3FT3DRXY.s_2.r_SLX.20308.i714_i503.H3MLCDRXY.s_2.r.sorted.bam","E25D_219_W"
"SLX.20308.i714_i505.H3FT3DRXY.s_2.r_SLX.20308.i714_i505.H3MLCDRXY.s_2.r.sorted.bam","E25D_219_AI"
"SLX.20308.i714_i507.H3FT3DRXY.s_2.r_SLX.20308.i714_i507.H3MLCDRXY.s_2.r.sorted.bam","E25D_219_BG"
"SLX.20308.i714_i510.H3FT3DRXY.s_2.r_SLX.20308.i714_i510.H3MLCDRXY.s_2.r.sorted.bam","E25D_220_E"
"SLX.20308.i714_i511.H3FT3DRXY.s_2.r_SLX.20308.i714_i511.H3MLCDRXY.s_2.r.sorted.bam","E25D_220_Q"
"SLX.20308.i715_i502.H3FT3DRXY.s_2.r_SLX.20308.i715_i502.H3MLCDRXY.s_2.r.sorted.bam","E25D_219_L"
"SLX.20308.i715_i503.H3FT3DRXY.s_2.r_SLX.20308.i715_i503.H3MLCDRXY.s_2.r.sorted.bam","E25D_219_X"
"SLX.20308.i715_i505.H3FT3DRXY.s_2.r_SLX.20308.i715_i505.H3MLCDRXY.s_2.r.sorted.bam","E25D_219_AJ"
"SLX.20308.i715_i506.H3FT3DRXY.s_2.r_SLX.20308.i715_i506.H3MLCDRXY.s_2.r.sorted.bam","E25D_219_AV"
"SLX.20308.i715_i507.H3FT3DRXY.s_2.r_SLX.20308.i715_i507.H3MLCDRXY.s_2.r.sorted.bam","E25D_219_BH"
"SLX.20308.i715_i510.H3FT3DRXY.s_2.r_SLX.20308.i715_i510.H3MLCDRXY.s_2.r.sorted.bam","E25D_220_F"
"SLX.20308.i715_i511.H3FT3DRXY.s_2.r_SLX.20308.i715_i511.H3MLCDRXY.s_2.r.sorted.bam","E25D_220_R"
